dataset,policy,seed,round,total_rounds,labeled_count,budget_frac,modality,target,dsc_fg_round,hd95_fg,struct_detect
btcv_synapse,P0,1000,0,6,28,0.0187,ct,spleen,0.3297,,1.0
btcv_synapse,P0,1000,1,6,30,0.0201,ct,spleen,0.3179,,1.0
btcv_synapse,P0,1000,2,6,75,0.0502,ct,spleen,0.4325,,1.0
btcv_synapse,P0,1000,3,6,150,0.1004,ct,spleen,0.5244,,1.0
btcv_synapse,P0,1000,4,6,225,0.1506,ct,spleen,0.5269,,1.0
btcv_synapse,P0,1000,5,6,299,0.2001,ct,spleen,0.6155,,1.0
btcv_synapse,P1,1000,0,6,28,0.0187,ct,spleen,0.3369,,1.0
btcv_synapse,P1,1000,1,6,30,0.0201,ct,spleen,0.3557,,1.0
btcv_synapse,P1,1000,2,6,75,0.0502,ct,spleen,0.457,,1.0
btcv_synapse,P1,1000,3,6,150,0.1004,ct,spleen,0.5406,,1.0
btcv_synapse,P1,1000,4,6,225,0.1506,ct,spleen,0.6016,,1.0
btcv_synapse,P1,1000,5,6,299,0.2001,ct,spleen,0.6171,,1.0
btcv_synapse,P2,1000,0,6,28,0.0187,ct,spleen,0.3405,,1.0
btcv_synapse,P2,1000,1,6,30,0.0201,ct,spleen,0.3477,,0.9743589743589743
btcv_synapse,P2,1000,2,6,75,0.0502,ct,spleen,0.4462,,1.0
btcv_synapse,P2,1000,3,6,150,0.1004,ct,spleen,0.5573,,1.0
btcv_synapse,P2,1000,4,6,225,0.1506,ct,spleen,0.5835,,1.0
btcv_synapse,P2,1000,5,6,299,0.2001,ct,spleen,0.631,,1.0
btcv_synapse,P3,1000,0,6,28,0.0187,ct,spleen,0.3369,,1.0
btcv_synapse,P3,1000,1,6,30,0.0201,ct,spleen,0.292,,1.0
btcv_synapse,P3,1000,2,6,75,0.0502,ct,spleen,0.4011,,1.0
btcv_synapse,P3,1000,3,6,150,0.1004,ct,spleen,0.5076,,1.0
btcv_synapse,P3,1000,4,6,225,0.1506,ct,spleen,0.5407,,1.0
btcv_synapse,P3,1000,5,6,299,0.2001,ct,spleen,0.6225,,1.0
btcv_synapse,P4,1000,0,6,28,0.0187,ct,spleen,0.3405,,1.0
btcv_synapse,P4,1000,1,6,30,0.0201,ct,spleen,0.3203,,1.0
btcv_synapse,P4,1000,2,6,75,0.0502,ct,spleen,0.417,,1.0
btcv_synapse,P4,1000,3,6,150,0.1004,ct,spleen,0.519,,1.0
btcv_synapse,P4,1000,4,6,225,0.1506,ct,spleen,0.5472,,1.0
btcv_synapse,P4,1000,5,6,299,0.2001,ct,spleen,0.6052,,1.0
btcv_synapse,P5,1000,0,6,28,0.0187,ct,spleen,0.3369,,1.0
btcv_synapse,P5,1000,1,6,30,0.0201,ct,spleen,0.3522,,1.0
btcv_synapse,P5,1000,2,6,75,0.0502,ct,spleen,0.4814,,1.0
btcv_synapse,P5,1000,3,6,150,0.1004,ct,spleen,0.5696,,1.0
btcv_synapse,P5,1000,4,6,225,0.1506,ct,spleen,0.6296,,1.0
btcv_synapse,P5,1000,5,6,299,0.2001,ct,spleen,0.6273,,1.0
btcv_synapse,P6,1000,0,6,28,0.0187,ct,spleen,0.3369,,1.0
btcv_synapse,P6,1000,1,6,30,0.0201,ct,spleen,0.3504,,1.0
btcv_synapse,P6,1000,2,6,75,0.0502,ct,spleen,0.4051,,1.0
btcv_synapse,P6,1000,3,6,150,0.1004,ct,spleen,0.4328,,1.0
btcv_synapse,P6,1000,4,6,225,0.1506,ct,spleen,0.4417,,0.9230769230769231
btcv_synapse,P6,1000,5,6,299,0.2001,ct,spleen,0.5462,,1.0
btcv_synapse,P7,1000,0,6,28,0.0187,ct,spleen,0.3405,,1.0
btcv_synapse,P7,1000,1,6,30,0.0201,ct,spleen,0.368,,1.0
btcv_synapse,P7,1000,2,6,75,0.0502,ct,spleen,0.4579,,1.0
btcv_synapse,P7,1000,3,6,150,0.1004,ct,spleen,0.5693,,1.0
btcv_synapse,P7,1000,4,6,225,0.1506,ct,spleen,0.5817,,1.0
btcv_synapse,P7,1000,5,6,299,0.2001,ct,spleen,0.6189,,1.0
btcv_synapse,P8,1000,0,6,28,0.0187,ct,spleen,0.3369,,1.0
btcv_synapse,P8,1000,1,6,30,0.0201,ct,spleen,0.3483,,1.0
btcv_synapse,P8,1000,2,6,75,0.0502,ct,spleen,0.4164,,1.0
btcv_synapse,P8,1000,3,6,150,0.1004,ct,spleen,0.5265,,1.0
btcv_synapse,P8,1000,4,6,225,0.1506,ct,spleen,0.5153,,1.0
btcv_synapse,P8,1000,5,6,299,0.2001,ct,spleen,0.583,,1.0
btcv_synapse,P9,1000,0,6,28,0.0187,ct,spleen,0.3405,,1.0
btcv_synapse,P9,1000,1,6,30,0.0201,ct,spleen,0.3495,,1.0
btcv_synapse,P9,1000,2,6,75,0.0502,ct,spleen,0.3979,,1.0
btcv_synapse,P9,1000,3,6,150,0.1004,ct,spleen,0.5062,,1.0
btcv_synapse,P9,1000,4,6,225,0.1506,ct,spleen,0.5542,,1.0
btcv_synapse,P9,1000,5,6,299,0.2001,ct,spleen,0.5785,,1.0
busi,P0,1000,0,6,8,0.0128,ultrasound,breast_lesion,0.2869,,1.0
busi,P0,1000,1,6,13,0.0208,ultrasound,breast_lesion,0.1836,,1.0
busi,P0,1000,2,6,32,0.0513,ultrasound,breast_lesion,0.4596,,1.0
busi,P0,1000,3,6,63,0.101,ultrasound,breast_lesion,0.5073,,1.0
busi,P0,1000,4,6,94,0.1506,ultrasound,breast_lesion,0.595,,1.0
busi,P0,1000,5,6,125,0.2003,ultrasound,breast_lesion,0.62,96.50451200447206,1.0
busi,P1,1000,0,6,8,0.0128,ultrasound,breast_lesion,0.2869,,1.0
busi,P1,1000,1,6,13,0.0208,ultrasound,breast_lesion,0.2987,,1.0
busi,P1,1000,2,6,32,0.0513,ultrasound,breast_lesion,0.5023,,1.0
busi,P1,1000,3,6,63,0.101,ultrasound,breast_lesion,0.4926,,1.0
busi,P1,1000,4,6,94,0.1506,ultrasound,breast_lesion,0.4941,,1.0
busi,P1,1000,5,6,125,0.2003,ultrasound,breast_lesion,0.5293,101.71827048027404,1.0
busi,P2,1000,0,6,8,0.0128,ultrasound,breast_lesion,0.2104,,1.0
busi,P2,1000,1,6,13,0.0208,ultrasound,breast_lesion,0.3229,,1.0
busi,P2,1000,2,6,32,0.0513,ultrasound,breast_lesion,0.3813,,1.0
busi,P2,1000,3,6,63,0.101,ultrasound,breast_lesion,0.5363,,1.0
busi,P2,1000,4,6,94,0.1506,ultrasound,breast_lesion,0.5221,,1.0
busi,P2,1000,5,6,125,0.2003,ultrasound,breast_lesion,0.4937,120.30770938125958,0.9666666666666667
busi,P3,1000,0,6,8,0.0128,ultrasound,breast_lesion,0.2104,,1.0
busi,P3,1000,1,6,13,0.0208,ultrasound,breast_lesion,0.3225,,1.0
busi,P3,1000,2,6,32,0.0513,ultrasound,breast_lesion,0.3821,,1.0
busi,P3,1000,3,6,63,0.101,ultrasound,breast_lesion,0.5281,,1.0
busi,P3,1000,4,6,94,0.1506,ultrasound,breast_lesion,0.5522,,1.0
busi,P3,1000,5,6,125,0.2003,ultrasound,breast_lesion,0.6205,113.22494742925417,1.0
busi,P4,1000,0,6,8,0.0128,ultrasound,breast_lesion,0.2104,,1.0
busi,P4,1000,1,6,13,0.0208,ultrasound,breast_lesion,0.3199,,1.0
busi,P4,1000,2,6,32,0.0513,ultrasound,breast_lesion,0.395,,0.9166666666666666
busi,P4,1000,3,6,63,0.101,ultrasound,breast_lesion,0.5231,,0.9833333333333333
busi,P4,1000,4,6,94,0.1506,ultrasound,breast_lesion,0.5669,,0.9833333333333333
busi,P4,1000,5,6,125,0.2003,ultrasound,breast_lesion,0.5833,105.09440354976233,0.9833333333333333
busi,P5,1000,0,6,8,0.0128,ultrasound,breast_lesion,0.2104,,1.0
busi,P5,1000,1,6,13,0.0208,ultrasound,breast_lesion,0.2942,,1.0
busi,P5,1000,2,6,32,0.0513,ultrasound,breast_lesion,0.3957,,1.0
busi,P5,1000,3,6,63,0.101,ultrasound,breast_lesion,0.4913,,1.0
busi,P5,1000,4,6,94,0.1506,ultrasound,breast_lesion,0.4934,,1.0
busi,P5,1000,5,6,125,0.2003,ultrasound,breast_lesion,0.5349,118.8023543295007,0.9833333333333333
busi,P6,1000,0,6,8,0.0128,ultrasound,breast_lesion,0.2869,,1.0
busi,P6,1000,1,6,13,0.0208,ultrasound,breast_lesion,0.3086,,1.0
busi,P6,1000,2,6,32,0.0513,ultrasound,breast_lesion,0.4257,,1.0
busi,P6,1000,3,6,63,0.101,ultrasound,breast_lesion,0.4696,,0.9666666666666667
busi,P6,1000,4,6,94,0.1506,ultrasound,breast_lesion,0.4855,,1.0
busi,P6,1000,5,6,125,0.2003,ultrasound,breast_lesion,0.5642,82.60722240370917,0.9833333333333333
busi,P7,1000,0,6,8,0.0128,ultrasound,breast_lesion,0.2104,,1.0
busi,P7,1000,1,6,13,0.0208,ultrasound,breast_lesion,0.326,,1.0
busi,P7,1000,2,6,32,0.0513,ultrasound,breast_lesion,0.4484,,1.0
busi,P7,1000,3,6,63,0.101,ultrasound,breast_lesion,0.5012,,1.0
busi,P7,1000,4,6,94,0.1506,ultrasound,breast_lesion,0.5697,,1.0
busi,P7,1000,5,6,125,0.2003,ultrasound,breast_lesion,0.6163,109.19480676186744,1.0
busi,P8,1000,0,6,8,0.0128,ultrasound,breast_lesion,0.2104,,1.0
busi,P8,1000,1,6,13,0.0208,ultrasound,breast_lesion,0.4082,,1.0
busi,P8,1000,2,6,32,0.0513,ultrasound,breast_lesion,0.4927,,1.0
busi,P8,1000,3,6,63,0.101,ultrasound,breast_lesion,0.5955,,1.0
busi,P8,1000,4,6,94,0.1506,ultrasound,breast_lesion,0.5655,,0.9333333333333333
busi,P8,1000,5,6,125,0.2003,ultrasound,breast_lesion,0.5656,111.61445100205906,0.9833333333333333
busi,P9,1000,0,6,8,0.0128,ultrasound,breast_lesion,0.2104,,1.0
busi,P9,1000,1,6,13,0.0208,ultrasound,breast_lesion,0.3083,,1.0
busi,P9,1000,2,6,32,0.0513,ultrasound,breast_lesion,0.4651,,0.9833333333333333
busi,P9,1000,3,6,63,0.101,ultrasound,breast_lesion,0.4686,,0.95
busi,P9,1000,4,6,94,0.1506,ultrasound,breast_lesion,0.5613,,1.0
busi,P9,1000,5,6,125,0.2003,ultrasound,breast_lesion,0.595,115.91716347125038,1.0
care_leftatrium_2026,P0,1000,0,6,25,0.01,lge_mri,fg,0.4932,,1.0
care_leftatrium_2026,P0,1000,1,6,50,0.02,lge_mri,fg,0.6858,,1.0
care_leftatrium_2026,P0,1000,2,6,125,0.05,lge_mri,fg,0.7839,,1.0
care_leftatrium_2026,P0,1000,3,6,250,0.1,lge_mri,fg,0.8649,,1.0
care_leftatrium_2026,P0,1000,4,6,375,0.15,lge_mri,fg,0.8776,,1.0
care_leftatrium_2026,P0,1000,5,6,500,0.2,lge_mri,fg,0.8873,,1.0
care_leftatrium_2026,P1,1000,0,6,25,0.01,lge_mri,fg,0.4932,,1.0
care_leftatrium_2026,P1,1000,1,6,50,0.02,lge_mri,fg,0.5671,,1.0
care_leftatrium_2026,P1,1000,2,6,125,0.05,lge_mri,fg,0.6813,,1.0
care_leftatrium_2026,P1,1000,3,6,250,0.1,lge_mri,fg,0.6409,,1.0
care_leftatrium_2026,P1,1000,4,6,375,0.15,lge_mri,fg,0.7393,,1.0
care_leftatrium_2026,P1,1000,5,6,500,0.2,lge_mri,fg,0.6238,,1.0
care_leftatrium_2026,P2,1000,0,6,25,0.01,lge_mri,fg,0.5963,,1.0
care_leftatrium_2026,P2,1000,1,6,50,0.02,lge_mri,fg,0.6157,,1.0
care_leftatrium_2026,P2,1000,2,6,125,0.05,lge_mri,fg,0.4527,,1.0
care_leftatrium_2026,P2,1000,3,6,250,0.1,lge_mri,fg,0.61,,1.0
care_leftatrium_2026,P2,1000,4,6,375,0.15,lge_mri,fg,0.7795,,1.0
care_leftatrium_2026,P2,1000,5,6,500,0.2,lge_mri,fg,0.8408,,1.0
care_leftatrium_2026,P3,1000,0,6,25,0.01,lge_mri,fg,0.4932,,1.0
care_leftatrium_2026,P3,1000,1,6,50,0.02,lge_mri,fg,0.524,,1.0
care_leftatrium_2026,P3,1000,2,6,125,0.05,lge_mri,fg,0.6339,,1.0
care_leftatrium_2026,P3,1000,3,6,250,0.1,lge_mri,fg,0.774,,1.0
care_leftatrium_2026,P3,1000,4,6,375,0.15,lge_mri,fg,0.8433,,1.0
care_leftatrium_2026,P3,1000,5,6,500,0.2,lge_mri,fg,0.8685,,1.0
care_leftatrium_2026,P4,1000,0,6,25,0.01,lge_mri,fg,0.5963,,1.0
care_leftatrium_2026,P4,1000,1,6,50,0.02,lge_mri,fg,0.7421,,1.0
care_leftatrium_2026,P4,1000,2,6,125,0.05,lge_mri,fg,0.836,,1.0
care_leftatrium_2026,P4,1000,3,6,250,0.1,lge_mri,fg,0.8698,,1.0
care_leftatrium_2026,P4,1000,4,6,375,0.15,lge_mri,fg,0.8937,,1.0
care_leftatrium_2026,P4,1000,5,6,500,0.2,lge_mri,fg,0.8879,,1.0
care_leftatrium_2026,P5,1000,0,6,25,0.01,lge_mri,fg,0.4932,,1.0
care_leftatrium_2026,P5,1000,1,6,50,0.02,lge_mri,fg,0.5908,,1.0
care_leftatrium_2026,P5,1000,2,6,125,0.05,lge_mri,fg,0.7763,,1.0
care_leftatrium_2026,P5,1000,3,6,250,0.1,lge_mri,fg,0.8289,,1.0
care_leftatrium_2026,P5,1000,4,6,375,0.15,lge_mri,fg,0.834,,1.0
care_leftatrium_2026,P5,1000,5,6,500,0.2,lge_mri,fg,0.8479,,1.0
care_leftatrium_2026,P6,1000,0,6,25,0.01,lge_mri,fg,0.4932,,1.0
care_leftatrium_2026,P6,1000,1,6,50,0.02,lge_mri,fg,0.6632,,1.0
care_leftatrium_2026,P6,1000,2,6,125,0.05,lge_mri,fg,0.7028,,1.0
care_leftatrium_2026,P6,1000,3,6,250,0.1,lge_mri,fg,0.7316,,1.0
care_leftatrium_2026,P6,1000,4,6,375,0.15,lge_mri,fg,0.0987,,0.125
care_leftatrium_2026,P6,1000,5,6,500,0.2,lge_mri,fg,0.1001,,0.125
care_leftatrium_2026,P7,1000,0,6,25,0.01,lge_mri,fg,0.5963,,1.0
care_leftatrium_2026,P7,1000,1,6,50,0.02,lge_mri,fg,0.7101,,1.0
care_leftatrium_2026,P7,1000,2,6,125,0.05,lge_mri,fg,0.8183,,1.0
care_leftatrium_2026,P7,1000,3,6,250,0.1,lge_mri,fg,0.8653,,1.0
care_leftatrium_2026,P7,1000,4,6,375,0.15,lge_mri,fg,0.8879,,1.0
care_leftatrium_2026,P7,1000,5,6,500,0.2,lge_mri,fg,0.8844,,1.0
care_leftatrium_2026,P8,1000,0,6,25,0.01,lge_mri,fg,0.5963,,1.0
care_leftatrium_2026,P8,1000,1,6,50,0.02,lge_mri,fg,0.6713,,1.0
care_leftatrium_2026,P8,1000,2,6,125,0.05,lge_mri,fg,0.837,,1.0
care_leftatrium_2026,P8,1000,3,6,250,0.1,lge_mri,fg,0.8722,,1.0
care_leftatrium_2026,P8,1000,4,6,375,0.15,lge_mri,fg,0.8674,,1.0
care_leftatrium_2026,P8,1000,5,6,500,0.2,lge_mri,fg,0.8725,,1.0
care_leftatrium_2026,P9,1000,0,6,25,0.01,lge_mri,fg,0.5963,,1.0
care_leftatrium_2026,P9,1000,1,6,50,0.02,lge_mri,fg,0.668,,1.0
care_leftatrium_2026,P9,1000,2,6,125,0.05,lge_mri,fg,0.7501,,1.0
care_leftatrium_2026,P9,1000,3,6,250,0.1,lge_mri,fg,0.7782,,1.0
care_leftatrium_2026,P9,1000,4,6,375,0.15,lge_mri,fg,0.7815,,1.0
care_leftatrium_2026,P9,1000,5,6,500,0.2,lge_mri,fg,0.7631,,1.0
ext_abdoment1k,P0,1000,0,6,25,0.01,ct,liver,0.4316,,0.9894459102902374
ext_abdoment1k,P0,1000,1,6,50,0.02,ct,liver,0.5528,,0.9762532981530343
ext_abdoment1k,P0,1000,2,6,125,0.05,ct,liver,0.6894,,0.9656992084432717
ext_abdoment1k,P0,1000,3,6,250,0.1,ct,liver,0.7394,,0.9841688654353562
ext_abdoment1k,P0,1000,4,6,375,0.15,ct,liver,0.782,,0.9841688654353562
ext_abdoment1k,P0,1000,5,6,500,0.2,ct,liver,0.78,,0.9815303430079155
ext_abdoment1k,P1,1000,0,6,25,0.01,ct,liver,0.4316,,0.9894459102902374
ext_abdoment1k,P1,1000,1,6,50,0.02,ct,liver,0.5192,,0.9815303430079155
ext_abdoment1k,P1,1000,2,6,125,0.05,ct,liver,0.601,,0.9894459102902374
ext_abdoment1k,P1,1000,3,6,250,0.1,ct,liver,0.7156,,0.9815303430079155
ext_abdoment1k,P1,1000,4,6,375,0.15,ct,liver,0.7263,,0.9947229551451188
ext_abdoment1k,P1,1000,5,6,500,0.2,ct,liver,0.7569,,0.9868073878627969
ext_abdoment1k,P2,1000,0,6,25,0.01,ct,liver,0.4425,,0.9868073878627969
ext_abdoment1k,P2,1000,1,6,50,0.02,ct,liver,0.5064,,0.9683377308707124
ext_abdoment1k,P2,1000,2,6,125,0.05,ct,liver,0.6558,,0.9630606860158312
ext_abdoment1k,P2,1000,3,6,250,0.1,ct,liver,0.6479,,0.9287598944591029
ext_abdoment1k,P2,1000,4,6,375,0.15,ct,liver,0.7352,,0.9815303430079155
ext_abdoment1k,P2,1000,5,6,500,0.2,ct,liver,0.7805,,0.9815303430079155
ext_abdoment1k,P3,1000,0,6,25,0.01,ct,liver,0.4316,,0.9894459102902374
ext_abdoment1k,P3,1000,1,6,50,0.02,ct,liver,0.4609,,0.9868073878627969
ext_abdoment1k,P3,1000,2,6,125,0.05,ct,liver,0.4862,,0.9947229551451188
ext_abdoment1k,P3,1000,3,6,250,0.1,ct,liver,0.6437,,0.978891820580475
ext_abdoment1k,P3,1000,4,6,375,0.15,ct,liver,0.6835,,0.9736147757255936
ext_abdoment1k,P3,1000,5,6,500,0.2,ct,liver,0.718,,0.9762532981530343
ext_abdoment1k,P4,1000,0,6,25,0.01,ct,liver,0.4425,,0.9868073878627969
ext_abdoment1k,P4,1000,1,6,50,0.02,ct,liver,0.5518,,0.9973614775725593
ext_abdoment1k,P4,1000,2,6,125,0.05,ct,liver,0.6504,,0.9683377308707124
ext_abdoment1k,P4,1000,3,6,250,0.1,ct,liver,0.6984,,0.9683377308707124
ext_abdoment1k,P4,1000,4,6,375,0.15,ct,liver,0.7465,,0.9762532981530343
ext_abdoment1k,P4,1000,5,6,500,0.2,ct,liver,0.7759,,0.9868073878627969
ext_abdoment1k,P5,1000,0,6,25,0.01,ct,liver,0.4316,,0.9894459102902374
ext_abdoment1k,P5,1000,1,6,50,0.02,ct,liver,0.5055,,0.9920844327176781
ext_abdoment1k,P5,1000,2,6,125,0.05,ct,liver,0.6018,,0.9709762532981531
ext_abdoment1k,P5,1000,3,6,250,0.1,ct,liver,0.7174,,0.9762532981530343
ext_abdoment1k,P5,1000,4,6,375,0.15,ct,liver,0.7784,,0.9947229551451188
ext_abdoment1k,P5,1000,5,6,500,0.2,ct,liver,0.7664,,0.9762532981530343
ext_abdoment1k,P6,1000,0,6,25,0.01,ct,liver,0.4316,,0.9894459102902374
ext_abdoment1k,P6,1000,1,6,50,0.02,ct,liver,0.5264,,0.941952506596306
ext_abdoment1k,P6,1000,2,6,125,0.05,ct,liver,0.6405,,0.9762532981530343
ext_abdoment1k,P6,1000,3,6,250,0.1,ct,liver,0.7135,,0.9762532981530343
ext_abdoment1k,P6,1000,4,6,375,0.15,ct,liver,0.7311,,0.9920844327176781
ext_abdoment1k,P6,1000,5,6,500,0.2,ct,liver,0.7092,,0.9525065963060686
ext_abdoment1k,P7,1000,0,6,25,0.01,ct,liver,0.4425,,0.9868073878627969
ext_abdoment1k,P7,1000,1,6,50,0.02,ct,liver,0.4867,,0.9815303430079155
ext_abdoment1k,P7,1000,2,6,125,0.05,ct,liver,0.6091,,0.9525065963060686
ext_abdoment1k,P7,1000,3,6,250,0.1,ct,liver,0.6747,,0.9366754617414248
ext_abdoment1k,P7,1000,4,6,375,0.15,ct,liver,0.7733,,0.9947229551451188
ext_abdoment1k,P7,1000,5,6,500,0.2,ct,liver,0.7682,,0.978891820580475
ext_abdoment1k,P8,1000,0,6,25,0.01,ct,liver,0.4425,,0.9868073878627969
ext_abdoment1k,P8,1000,1,6,50,0.02,ct,liver,0.5603,,0.9656992084432717
ext_abdoment1k,P8,1000,2,6,125,0.05,ct,liver,0.7065,,0.9947229551451188
ext_abdoment1k,P8,1000,3,6,250,0.1,ct,liver,0.7585,,0.9841688654353562
ext_abdoment1k,P8,1000,4,6,375,0.15,ct,liver,0.7531,,0.9762532981530343
ext_abdoment1k,P8,1000,5,6,500,0.2,ct,liver,0.794,,0.9868073878627969
ext_abdoment1k,P9,1000,0,6,25,0.01,ct,liver,0.4425,,0.9868073878627969
ext_abdoment1k,P9,1000,1,6,50,0.02,ct,liver,0.5271,,0.9868073878627969
ext_abdoment1k,P9,1000,2,6,125,0.05,ct,liver,0.4256,,0.8232189973614775
ext_abdoment1k,P9,1000,3,6,250,0.1,ct,liver,0.6536,,0.9393139841688655
ext_abdoment1k,P9,1000,4,6,375,0.15,ct,liver,0.7237,,0.9815303430079155
ext_abdoment1k,P9,1000,5,6,500,0.2,ct,liver,0.742,,0.978891820580475
ext_brats2020,P0,1000,0,6,25,0.01,t1ce,necrotic,0.3026,,1.0
ext_brats2020,P0,1000,1,6,50,0.02,t1ce,necrotic,0.3598,,1.0
ext_brats2020,P0,1000,2,6,125,0.05,t1ce,necrotic,0.4223,,0.9888888888888889
ext_brats2020,P0,1000,3,6,250,0.1,t1ce,necrotic,0.4206,,0.9444444444444444
ext_brats2020,P0,1000,4,6,375,0.15,t1ce,necrotic,0.4571,,1.0
ext_brats2020,P0,1000,5,6,500,0.2,t1ce,necrotic,0.4473,56.2530825329208,0.9666666666666667
ext_brats2020,P1,1000,0,6,25,0.01,t1ce,necrotic,0.3026,,1.0
ext_brats2020,P1,1000,1,6,50,0.02,t1ce,necrotic,0.3582,,1.0
ext_brats2020,P1,1000,2,6,125,0.05,t1ce,necrotic,0.4189,,0.9888888888888889
ext_brats2020,P1,1000,3,6,250,0.1,t1ce,necrotic,0.4695,,0.9777777777777777
ext_brats2020,P1,1000,4,6,375,0.15,t1ce,necrotic,0.4613,,1.0
ext_brats2020,P1,1000,5,6,500,0.2,t1ce,necrotic,0.4992,43.66437225115031,0.9888888888888889
ext_brats2020,P2,1000,0,6,25,0.01,t1ce,necrotic,0.3026,,1.0
ext_brats2020,P2,1000,1,6,50,0.02,t1ce,necrotic,0.2774,,0.9444444444444444
ext_brats2020,P2,1000,2,6,125,0.05,t1ce,necrotic,0.3953,,0.9888888888888889
ext_brats2020,P2,1000,3,6,250,0.1,t1ce,necrotic,0.4562,,1.0
ext_brats2020,P2,1000,4,6,375,0.15,t1ce,necrotic,0.448,,1.0
ext_brats2020,P2,1000,5,6,500,0.2,t1ce,necrotic,0.4795,51.31884582195844,0.9666666666666667
ext_brats2020,P3,1000,0,6,25,0.01,t1ce,necrotic,0.2838,,1.0
ext_brats2020,P3,1000,1,6,50,0.02,t1ce,necrotic,0.3465,,1.0
ext_brats2020,P3,1000,2,6,125,0.05,t1ce,necrotic,0.3471,,0.9888888888888889
ext_brats2020,P3,1000,3,6,250,0.1,t1ce,necrotic,0.4041,,0.9777777777777777
ext_brats2020,P3,1000,4,6,375,0.15,t1ce,necrotic,0.4566,,1.0
ext_brats2020,P3,1000,5,6,500,0.2,t1ce,necrotic,0.3709,56.860643615211835,0.9666666666666667
ext_brats2020,P4,1000,0,6,25,0.01,t1ce,necrotic,0.2877,,1.0
ext_brats2020,P4,1000,1,6,50,0.02,t1ce,necrotic,0.3937,,1.0
ext_brats2020,P4,1000,2,6,125,0.05,t1ce,necrotic,0.4004,,0.9888888888888889
ext_brats2020,P4,1000,3,6,250,0.1,t1ce,necrotic,0.4379,,1.0
ext_brats2020,P4,1000,4,6,375,0.15,t1ce,necrotic,0.4472,,0.9444444444444444
ext_brats2020,P4,1000,5,6,500,0.2,t1ce,necrotic,0.4425,41.16383515645832,0.9888888888888889
ext_brats2020,P5,1000,0,6,25,0.01,t1ce,necrotic,0.3026,,1.0
ext_brats2020,P5,1000,1,6,50,0.02,t1ce,necrotic,0.3116,,1.0
ext_brats2020,P5,1000,2,6,125,0.05,t1ce,necrotic,0.3962,,0.9888888888888889
ext_brats2020,P5,1000,3,6,250,0.1,t1ce,necrotic,0.4542,,0.9666666666666667
ext_brats2020,P5,1000,4,6,375,0.15,t1ce,necrotic,0.4509,,0.9888888888888889
ext_brats2020,P5,1000,5,6,500,0.2,t1ce,necrotic,0.4802,39.51070952005048,0.9888888888888889
ext_brats2020,P6,1000,0,6,25,0.01,t1ce,necrotic,0.2838,,1.0
ext_brats2020,P6,1000,1,6,50,0.02,t1ce,necrotic,0.2666,,1.0
ext_brats2020,P6,1000,2,6,125,0.05,t1ce,necrotic,0.4012,,0.9888888888888889
ext_brats2020,P6,1000,3,6,250,0.1,t1ce,necrotic,0.4178,,0.9444444444444444
ext_brats2020,P6,1000,4,6,375,0.15,t1ce,necrotic,0.4156,,0.9888888888888889
ext_brats2020,P6,1000,5,6,500,0.2,t1ce,necrotic,0.3606,76.60685005999154,0.9555555555555556
ext_brats2020,P7,1000,0,6,25,0.01,t1ce,necrotic,0.3026,,1.0
ext_brats2020,P7,1000,1,6,50,0.02,t1ce,necrotic,0.3738,,0.9888888888888889
ext_brats2020,P7,1000,2,6,125,0.05,t1ce,necrotic,0.4151,,0.9888888888888889
ext_brats2020,P7,1000,3,6,250,0.1,t1ce,necrotic,0.4526,,1.0
ext_brats2020,P7,1000,4,6,375,0.15,t1ce,necrotic,0.4678,,0.9888888888888889
ext_brats2020,P7,1000,5,6,500,0.2,t1ce,necrotic,0.4423,68.57374565573045,0.9555555555555556
ext_brats2020,P8,1000,0,6,25,0.01,t1ce,necrotic,0.3026,,1.0
ext_brats2020,P8,1000,1,6,50,0.02,t1ce,necrotic,0.3818,,1.0
ext_brats2020,P8,1000,2,6,125,0.05,t1ce,necrotic,0.3846,,0.9555555555555556
ext_brats2020,P8,1000,3,6,250,0.1,t1ce,necrotic,0.4461,,0.9888888888888889
ext_brats2020,P8,1000,4,6,375,0.15,t1ce,necrotic,0.3933,,0.9444444444444444
ext_brats2020,P8,1000,5,6,500,0.2,t1ce,necrotic,0.4409,48.33342728809212,0.9777777777777777
ext_brats2020,P9,1000,0,6,25,0.01,t1ce,necrotic,0.2877,,1.0
ext_brats2020,P9,1000,1,6,50,0.02,t1ce,necrotic,0.3636,,0.9888888888888889
ext_brats2020,P9,1000,2,6,125,0.05,t1ce,necrotic,0.3882,,1.0
ext_brats2020,P9,1000,3,6,250,0.1,t1ce,necrotic,0.4211,,0.9888888888888889
ext_brats2020,P9,1000,4,6,375,0.15,t1ce,necrotic,0.3773,,0.9888888888888889
ext_brats2020,P9,1000,5,6,500,0.2,t1ce,necrotic,0.4204,43.91393974044283,1.0
flare22,P0,1000,0,6,35,0.0103,ct,liver,0.6004,,1.0
flare22,P0,1000,1,6,69,0.0203,ct,liver,0.6826,,1.0
flare22,P0,1000,2,6,171,0.0503,ct,liver,0.7108,,0.9230769230769231
flare22,P0,1000,3,6,341,0.1002,ct,liver,0.7487,,0.9230769230769231
flare22,P0,1000,4,6,511,0.1502,ct,liver,0.783,,0.9230769230769231
flare22,P0,1000,5,6,681,0.2002,ct,liver,0.784,,1.0
flare22,P1,1000,0,6,35,0.0103,ct,liver,0.6004,,1.0
flare22,P1,1000,1,6,69,0.0203,ct,liver,0.6843,,1.0
flare22,P1,1000,2,6,171,0.0503,ct,liver,0.8116,,1.0
flare22,P1,1000,3,6,341,0.1002,ct,liver,0.8476,,1.0
flare22,P1,1000,4,6,511,0.1502,ct,liver,0.8542,,1.0
flare22,P1,1000,5,6,681,0.2002,ct,liver,0.8692,,1.0
flare22,P2,1000,0,6,35,0.0103,ct,liver,0.5755,,1.0
flare22,P2,1000,1,6,69,0.0203,ct,liver,0.7317,,1.0
flare22,P2,1000,2,6,171,0.0503,ct,liver,0.7718,,1.0
flare22,P2,1000,3,6,341,0.1002,ct,liver,0.8453,,1.0
flare22,P2,1000,4,6,511,0.1502,ct,liver,0.8649,,1.0
flare22,P2,1000,5,6,681,0.2002,ct,liver,0.852,,1.0
flare22,P3,1000,0,6,35,0.0103,ct,liver,0.6004,,1.0
flare22,P3,1000,1,6,69,0.0203,ct,liver,0.6473,,0.9230769230769231
flare22,P3,1000,2,6,171,0.0503,ct,liver,0.7139,,0.9230769230769231
flare22,P3,1000,3,6,341,0.1002,ct,liver,0.6904,,0.8461538461538461
flare22,P3,1000,4,6,511,0.1502,ct,liver,0.7763,,0.9230769230769231
flare22,P3,1000,5,6,681,0.2002,ct,liver,0.7298,,1.0
flare22,P4,1000,0,6,35,0.0103,ct,liver,0.5799,,1.0
flare22,P4,1000,1,6,69,0.0203,ct,liver,0.6622,,1.0
flare22,P4,1000,2,6,171,0.0503,ct,liver,0.7565,,0.9230769230769231
flare22,P4,1000,3,6,341,0.1002,ct,liver,0.7874,,0.9230769230769231
flare22,P4,1000,4,6,511,0.1502,ct,liver,0.8671,,1.0
flare22,P4,1000,5,6,681,0.2002,ct,liver,0.8487,,1.0
flare22,P5,1000,0,6,35,0.0103,ct,liver,0.6004,,1.0
flare22,P5,1000,1,6,69,0.0203,ct,liver,0.7582,,1.0
flare22,P5,1000,2,6,171,0.0503,ct,liver,0.8242,,1.0
flare22,P5,1000,3,6,341,0.1002,ct,liver,0.8625,,1.0
flare22,P5,1000,4,6,511,0.1502,ct,liver,0.8729,,1.0
flare22,P5,1000,5,6,681,0.2002,ct,liver,0.8731,,1.0
flare22,P6,1000,0,6,35,0.0103,ct,liver,0.6004,,1.0
flare22,P6,1000,1,6,69,0.0203,ct,liver,0.5892,,0.8461538461538461
flare22,P6,1000,2,6,171,0.0503,ct,liver,0.6553,,0.9615384615384616
flare22,P6,1000,3,6,341,0.1002,ct,liver,0.8012,,1.0
flare22,P6,1000,4,6,511,0.1502,ct,liver,0.7095,,0.9230769230769231
flare22,P6,1000,5,6,681,0.2002,ct,liver,0.7993,,1.0
flare22,P7,1000,0,6,35,0.0103,ct,liver,0.5799,,1.0
flare22,P7,1000,1,6,69,0.0203,ct,liver,0.6567,,1.0
flare22,P7,1000,2,6,171,0.0503,ct,liver,0.6775,,0.9038461538461539
flare22,P7,1000,3,6,341,0.1002,ct,liver,0.7753,,0.9230769230769231
flare22,P7,1000,4,6,511,0.1502,ct,liver,0.8011,,1.0
flare22,P7,1000,5,6,681,0.2002,ct,liver,0.813,,1.0
flare22,P8,1000,0,6,35,0.0103,ct,liver,0.5799,,1.0
flare22,P8,1000,1,6,69,0.0203,ct,liver,0.7306,,1.0
flare22,P8,1000,2,6,171,0.0503,ct,liver,0.7511,,0.9230769230769231
flare22,P8,1000,3,6,341,0.1002,ct,liver,0.8498,,1.0
flare22,P8,1000,4,6,511,0.1502,ct,liver,0.8185,,1.0
flare22,P8,1000,5,6,681,0.2002,ct,liver,0.8511,,1.0
flare22,P9,1000,0,6,35,0.0103,ct,liver,0.5799,,1.0
flare22,P9,1000,1,6,69,0.0203,ct,liver,0.6732,,1.0
flare22,P9,1000,2,6,171,0.0503,ct,liver,0.7764,,1.0
flare22,P9,1000,3,6,341,0.1002,ct,liver,0.8195,,1.0
flare22,P9,1000,4,6,511,0.1502,ct,liver,0.8124,,1.0
flare22,P9,1000,5,6,681,0.2002,ct,liver,0.8216,,1.0
glas2015,P0,1000,0,4,8,0.0602,histology,gland,0.8477,,1.0
glas2015,P0,1000,1,4,10,0.0752,histology,gland,0.8513,,1.0
glas2015,P0,1000,2,4,20,0.1504,histology,gland,0.8639,,1.0
glas2015,P0,1000,3,4,26,0.1955,histology,gland,0.8927,,1.0
glas2015,P1,1000,0,4,8,0.0602,histology,gland,0.8477,,1.0
glas2015,P1,1000,1,4,10,0.0752,histology,gland,0.8589,,1.0
glas2015,P1,1000,2,4,20,0.1504,histology,gland,0.8934,,1.0
glas2015,P1,1000,3,4,26,0.1955,histology,gland,0.8747,,1.0
glas2015,P2,1000,0,4,8,0.0602,histology,gland,0.8455,,1.0
glas2015,P2,1000,1,4,10,0.0752,histology,gland,0.8539,,1.0
glas2015,P2,1000,2,4,20,0.1504,histology,gland,0.8605,,1.0
glas2015,P2,1000,3,4,26,0.1955,histology,gland,0.8851,,1.0
glas2015,P3,1000,0,4,8,0.0602,histology,gland,0.8477,,1.0
glas2015,P3,1000,1,4,10,0.0752,histology,gland,0.8432,,1.0
glas2015,P3,1000,2,4,20,0.1504,histology,gland,0.8805,,1.0
glas2015,P3,1000,3,4,26,0.1955,histology,gland,0.8687,,1.0
glas2015,P4,1000,0,4,8,0.0602,histology,gland,0.8455,,1.0
glas2015,P4,1000,1,4,10,0.0752,histology,gland,0.8543,,1.0
glas2015,P4,1000,2,4,20,0.1504,histology,gland,0.8723,,1.0
glas2015,P4,1000,3,4,26,0.1955,histology,gland,0.8716,,1.0
glas2015,P5,1000,0,4,8,0.0602,histology,gland,0.8477,,1.0
glas2015,P5,1000,1,4,10,0.0752,histology,gland,0.8598,,1.0
glas2015,P5,1000,2,4,20,0.1504,histology,gland,0.8874,,1.0
glas2015,P5,1000,3,4,26,0.1955,histology,gland,0.888,,1.0
glas2015,P6,1000,0,4,8,0.0602,histology,gland,0.8477,,1.0
glas2015,P6,1000,1,4,10,0.0752,histology,gland,0.8477,,1.0
glas2015,P6,1000,2,4,20,0.1504,histology,gland,0.8682,,1.0
glas2015,P6,1000,3,4,26,0.1955,histology,gland,0.886,,1.0
glas2015,P7,1000,0,4,8,0.0602,histology,gland,0.8455,,1.0
glas2015,P7,1000,1,4,10,0.0752,histology,gland,0.8613,,1.0
glas2015,P7,1000,2,4,20,0.1504,histology,gland,0.8609,,1.0
glas2015,P7,1000,3,4,26,0.1955,histology,gland,0.8744,,1.0
glas2015,P8,1000,0,4,8,0.0602,histology,gland,0.8455,,1.0
glas2015,P8,1000,1,4,10,0.0752,histology,gland,0.8372,,1.0
glas2015,P8,1000,2,4,20,0.1504,histology,gland,0.8567,,1.0
glas2015,P8,1000,3,4,26,0.1955,histology,gland,0.8607,,1.0
glas2015,P9,1000,0,4,8,0.0602,histology,gland,0.8455,,1.0
glas2015,P9,1000,1,4,10,0.0752,histology,gland,0.8288,,1.0
glas2015,P9,1000,2,4,20,0.1504,histology,gland,0.8746,,1.0
glas2015,P9,1000,3,4,26,0.1955,histology,gland,0.874,,1.0
hvsmr2016,P0,1000,0,6,25,0.01,cardiac_mri,lv_blood,0.1858,,0.925
hvsmr2016,P0,1000,1,6,50,0.02,cardiac_mri,lv_blood,0.2605,,1.0
hvsmr2016,P0,1000,2,6,125,0.05,cardiac_mri,lv_blood,0.3646,,1.0
hvsmr2016,P0,1000,3,6,250,0.1,cardiac_mri,lv_blood,0.4779,,1.0
hvsmr2016,P0,1000,4,6,375,0.15,cardiac_mri,lv_blood,0.5191,,1.0
hvsmr2016,P0,1000,5,6,500,0.2,cardiac_mri,lv_blood,0.5561,,1.0
hvsmr2016,P1,1000,0,6,25,0.01,cardiac_mri,lv_blood,0.1858,,0.925
hvsmr2016,P1,1000,1,6,50,0.02,cardiac_mri,lv_blood,0.2049,,1.0
hvsmr2016,P1,1000,2,6,125,0.05,cardiac_mri,lv_blood,0.1786,,0.925
hvsmr2016,P1,1000,3,6,250,0.1,cardiac_mri,lv_blood,0.2563,,1.0
hvsmr2016,P1,1000,4,6,375,0.15,cardiac_mri,lv_blood,0.3752,,1.0
hvsmr2016,P1,1000,5,6,500,0.2,cardiac_mri,lv_blood,0.479,,0.975
hvsmr2016,P2,1000,0,6,25,0.01,cardiac_mri,lv_blood,0.1665,,1.0
hvsmr2016,P2,1000,1,6,50,0.02,cardiac_mri,lv_blood,0.1883,,1.0
hvsmr2016,P2,1000,2,6,125,0.05,cardiac_mri,lv_blood,0.1721,,1.0
hvsmr2016,P2,1000,3,6,250,0.1,cardiac_mri,lv_blood,0.2997,,1.0
hvsmr2016,P2,1000,4,6,375,0.15,cardiac_mri,lv_blood,0.4335,,0.975
hvsmr2016,P2,1000,5,6,500,0.2,cardiac_mri,lv_blood,0.4609,,0.975
hvsmr2016,P3,1000,0,6,25,0.01,cardiac_mri,lv_blood,0.1858,,0.925
hvsmr2016,P3,1000,1,6,50,0.02,cardiac_mri,lv_blood,0.2614,,1.0
hvsmr2016,P3,1000,2,6,125,0.05,cardiac_mri,lv_blood,0.2738,,1.0
hvsmr2016,P3,1000,3,6,250,0.1,cardiac_mri,lv_blood,0.37,,1.0
hvsmr2016,P3,1000,4,6,375,0.15,cardiac_mri,lv_blood,0.5008,,1.0
hvsmr2016,P3,1000,5,6,500,0.2,cardiac_mri,lv_blood,0.4715,,1.0
hvsmr2016,P4,1000,0,6,25,0.01,cardiac_mri,lv_blood,0.1665,,1.0
hvsmr2016,P4,1000,1,6,50,0.02,cardiac_mri,lv_blood,0.228,,1.0
hvsmr2016,P4,1000,2,6,125,0.05,cardiac_mri,lv_blood,0.4347,,1.0
hvsmr2016,P4,1000,3,6,250,0.1,cardiac_mri,lv_blood,0.4543,,1.0
hvsmr2016,P4,1000,4,6,375,0.15,cardiac_mri,lv_blood,0.4986,,1.0
hvsmr2016,P4,1000,5,6,500,0.2,cardiac_mri,lv_blood,0.5664,,1.0
hvsmr2016,P5,1000,0,6,25,0.01,cardiac_mri,lv_blood,0.1858,,0.925
hvsmr2016,P5,1000,1,6,50,0.02,cardiac_mri,lv_blood,0.2162,,1.0
hvsmr2016,P5,1000,2,6,125,0.05,cardiac_mri,lv_blood,0.3124,,1.0
hvsmr2016,P5,1000,3,6,250,0.1,cardiac_mri,lv_blood,0.4694,,1.0
hvsmr2016,P5,1000,4,6,375,0.15,cardiac_mri,lv_blood,0.5151,,1.0
hvsmr2016,P5,1000,5,6,500,0.2,cardiac_mri,lv_blood,0.5694,,1.0
hvsmr2016,P6,1000,0,6,25,0.01,cardiac_mri,lv_blood,0.1858,,0.925
hvsmr2016,P6,1000,1,6,50,0.02,cardiac_mri,lv_blood,0.1813,,1.0
hvsmr2016,P6,1000,2,6,125,0.05,cardiac_mri,lv_blood,0.2176,,0.875
hvsmr2016,P6,1000,3,6,250,0.1,cardiac_mri,lv_blood,0.3131,,1.0
hvsmr2016,P6,1000,4,6,375,0.15,cardiac_mri,lv_blood,0.3939,,1.0
hvsmr2016,P6,1000,5,6,500,0.2,cardiac_mri,lv_blood,0.2864,,1.0
hvsmr2016,P7,1000,0,6,25,0.01,cardiac_mri,lv_blood,0.1665,,1.0
hvsmr2016,P7,1000,1,6,50,0.02,cardiac_mri,lv_blood,0.2532,,1.0
hvsmr2016,P7,1000,2,6,125,0.05,cardiac_mri,lv_blood,0.322,,1.0
hvsmr2016,P7,1000,3,6,250,0.1,cardiac_mri,lv_blood,0.3943,,1.0
hvsmr2016,P7,1000,4,6,375,0.15,cardiac_mri,lv_blood,0.538,,1.0
hvsmr2016,P7,1000,5,6,500,0.2,cardiac_mri,lv_blood,0.5192,,1.0
hvsmr2016,P8,1000,0,6,25,0.01,cardiac_mri,lv_blood,0.1665,,1.0
hvsmr2016,P8,1000,1,6,50,0.02,cardiac_mri,lv_blood,0.2945,,1.0
hvsmr2016,P8,1000,2,6,125,0.05,cardiac_mri,lv_blood,0.4316,,1.0
hvsmr2016,P8,1000,3,6,250,0.1,cardiac_mri,lv_blood,0.4947,,1.0
hvsmr2016,P8,1000,4,6,375,0.15,cardiac_mri,lv_blood,0.4849,,1.0
hvsmr2016,P8,1000,5,6,500,0.2,cardiac_mri,lv_blood,0.5645,,1.0
hvsmr2016,P9,1000,0,6,25,0.01,cardiac_mri,lv_blood,0.1665,,1.0
hvsmr2016,P9,1000,1,6,50,0.02,cardiac_mri,lv_blood,0.188,,1.0
hvsmr2016,P9,1000,2,6,125,0.05,cardiac_mri,lv_blood,0.231,,0.975
hvsmr2016,P9,1000,3,6,250,0.1,cardiac_mri,lv_blood,0.3978,,0.975
hvsmr2016,P9,1000,4,6,375,0.15,cardiac_mri,lv_blood,0.4512,,1.0
hvsmr2016,P9,1000,5,6,500,0.2,cardiac_mri,lv_blood,0.422,,1.0
isic2018,P0,1000,0,6,21,0.0101,dermoscopy,skin_lesion,0.7765,,1.0
isic2018,P0,1000,1,6,42,0.0202,dermoscopy,skin_lesion,0.8088,,1.0
isic2018,P0,1000,2,6,104,0.0501,dermoscopy,skin_lesion,0.8279,,1.0
isic2018,P0,1000,3,6,208,0.1002,dermoscopy,skin_lesion,0.854,,1.0
isic2018,P0,1000,4,6,312,0.1503,dermoscopy,skin_lesion,0.8556,,1.0
isic2018,P0,1000,5,6,416,0.2004,dermoscopy,skin_lesion,0.8629,19.29286132273958,1.0
isic2018,P1,1000,0,6,21,0.0101,dermoscopy,skin_lesion,0.7765,,1.0
isic2018,P1,1000,1,6,42,0.0202,dermoscopy,skin_lesion,0.7844,,1.0
isic2018,P1,1000,2,6,104,0.0501,dermoscopy,skin_lesion,0.7937,,1.0
isic2018,P1,1000,3,6,208,0.1002,dermoscopy,skin_lesion,0.7829,,1.0
isic2018,P1,1000,4,6,312,0.1503,dermoscopy,skin_lesion,0.8388,,1.0
isic2018,P1,1000,5,6,416,0.2004,dermoscopy,skin_lesion,0.7604,43.88996343410918,1.0
isic2018,P2,1000,0,6,21,0.0101,dermoscopy,skin_lesion,0.778,,1.0
isic2018,P2,1000,1,6,42,0.0202,dermoscopy,skin_lesion,0.8121,,1.0
isic2018,P2,1000,2,6,104,0.0501,dermoscopy,skin_lesion,0.8039,,1.0
isic2018,P2,1000,3,6,208,0.1002,dermoscopy,skin_lesion,0.8182,,1.0
isic2018,P2,1000,4,6,312,0.1503,dermoscopy,skin_lesion,0.8472,,1.0
isic2018,P2,1000,5,6,416,0.2004,dermoscopy,skin_lesion,0.8518,19.773435891899695,1.0
isic2018,P3,1000,0,6,21,0.0101,dermoscopy,skin_lesion,0.778,,1.0
isic2018,P3,1000,1,6,42,0.0202,dermoscopy,skin_lesion,0.802,,1.0
isic2018,P3,1000,2,6,104,0.0501,dermoscopy,skin_lesion,0.8344,,1.0
isic2018,P3,1000,3,6,208,0.1002,dermoscopy,skin_lesion,0.8453,,1.0
isic2018,P3,1000,4,6,312,0.1503,dermoscopy,skin_lesion,0.8451,,1.0
isic2018,P3,1000,5,6,416,0.2004,dermoscopy,skin_lesion,0.8242,29.141762436154238,1.0
isic2018,P4,1000,0,6,21,0.0101,dermoscopy,skin_lesion,0.778,,1.0
isic2018,P4,1000,1,6,42,0.0202,dermoscopy,skin_lesion,0.7626,,0.9961389961389961
isic2018,P4,1000,2,6,104,0.0501,dermoscopy,skin_lesion,0.8556,,1.0
isic2018,P4,1000,3,6,208,0.1002,dermoscopy,skin_lesion,0.8625,,1.0
isic2018,P4,1000,4,6,312,0.1503,dermoscopy,skin_lesion,0.8569,,1.0
isic2018,P4,1000,5,6,416,0.2004,dermoscopy,skin_lesion,0.8493,22.755920518907686,1.0
isic2018,P5,1000,0,6,21,0.0101,dermoscopy,skin_lesion,0.778,,1.0
isic2018,P5,1000,1,6,42,0.0202,dermoscopy,skin_lesion,0.7922,,1.0
isic2018,P5,1000,2,6,104,0.0501,dermoscopy,skin_lesion,0.8224,,1.0
isic2018,P5,1000,3,6,208,0.1002,dermoscopy,skin_lesion,0.8496,,1.0
isic2018,P5,1000,4,6,312,0.1503,dermoscopy,skin_lesion,0.8406,,1.0
isic2018,P5,1000,5,6,416,0.2004,dermoscopy,skin_lesion,0.8601,18.042324598597787,1.0
isic2018,P6,1000,0,6,21,0.0101,dermoscopy,skin_lesion,0.7765,,1.0
isic2018,P6,1000,1,6,42,0.0202,dermoscopy,skin_lesion,0.782,,1.0
isic2018,P6,1000,2,6,104,0.0501,dermoscopy,skin_lesion,0.8193,,1.0
isic2018,P6,1000,3,6,208,0.1002,dermoscopy,skin_lesion,0.8334,,1.0
isic2018,P6,1000,4,6,312,0.1503,dermoscopy,skin_lesion,0.839,,1.0
isic2018,P6,1000,5,6,416,0.2004,dermoscopy,skin_lesion,0.818,26.474138900963894,1.0
isic2018,P7,1000,0,6,21,0.0101,dermoscopy,skin_lesion,0.778,,1.0
isic2018,P7,1000,1,6,42,0.0202,dermoscopy,skin_lesion,0.8071,,1.0
isic2018,P7,1000,2,6,104,0.0501,dermoscopy,skin_lesion,0.8176,,1.0
isic2018,P7,1000,3,6,208,0.1002,dermoscopy,skin_lesion,0.8522,,1.0
isic2018,P7,1000,4,6,312,0.1503,dermoscopy,skin_lesion,0.8651,,1.0
isic2018,P7,1000,5,6,416,0.2004,dermoscopy,skin_lesion,0.8727,16.338446182720336,1.0
isic2018,P8,1000,0,6,21,0.0101,dermoscopy,skin_lesion,0.778,,1.0
isic2018,P8,1000,1,6,42,0.0202,dermoscopy,skin_lesion,0.7812,,1.0
isic2018,P8,1000,2,6,104,0.0501,dermoscopy,skin_lesion,0.7999,,1.0
isic2018,P8,1000,3,6,208,0.1002,dermoscopy,skin_lesion,0.8511,,1.0
isic2018,P8,1000,4,6,312,0.1503,dermoscopy,skin_lesion,0.8559,,1.0
isic2018,P8,1000,5,6,416,0.2004,dermoscopy,skin_lesion,0.8663,17.807639668058492,1.0
isic2018,P9,1000,0,6,21,0.0101,dermoscopy,skin_lesion,0.778,,1.0
isic2018,P9,1000,1,6,42,0.0202,dermoscopy,skin_lesion,0.7772,,1.0
isic2018,P9,1000,2,6,104,0.0501,dermoscopy,skin_lesion,0.8264,,1.0
isic2018,P9,1000,3,6,208,0.1002,dermoscopy,skin_lesion,0.8557,,1.0
isic2018,P9,1000,4,6,312,0.1503,dermoscopy,skin_lesion,0.8486,,1.0
isic2018,P9,1000,5,6,416,0.2004,dermoscopy,skin_lesion,0.8568,19.687676342390617,1.0
kits19,P0,1000,0,6,25,0.01,ct,kidney,0.3512,,1.0
kits19,P0,1000,1,6,50,0.02,ct,kidney,0.4417,,1.0
kits19,P0,1000,2,6,125,0.05,ct,kidney,0.5159,,0.9722222222222222
kits19,P0,1000,3,6,250,0.1,ct,kidney,0.5299,,1.0
kits19,P0,1000,4,6,375,0.15,ct,kidney,0.5045,,0.9444444444444444
kits19,P0,1000,5,6,500,0.2,ct,kidney,0.5659,,1.0
kits19,P1,1000,0,6,25,0.01,ct,kidney,0.3512,,1.0
kits19,P1,1000,1,6,50,0.02,ct,kidney,0.3979,,0.9722222222222222
kits19,P1,1000,2,6,125,0.05,ct,kidney,0.4336,,0.9166666666666666
kits19,P1,1000,3,6,250,0.1,ct,kidney,0.4396,,1.0
kits19,P1,1000,4,6,375,0.15,ct,kidney,0.5532,,0.9722222222222222
kits19,P1,1000,5,6,500,0.2,ct,kidney,0.5617,,0.9722222222222222
kits19,P2,1000,0,6,25,0.01,ct,kidney,0.3384,,1.0
kits19,P2,1000,1,6,50,0.02,ct,kidney,0.4045,,1.0
kits19,P2,1000,2,6,125,0.05,ct,kidney,0.4322,,1.0
kits19,P2,1000,3,6,250,0.1,ct,kidney,0.5059,,0.9166666666666666
kits19,P2,1000,4,6,375,0.15,ct,kidney,0.5386,,0.9444444444444444
kits19,P2,1000,5,6,500,0.2,ct,kidney,0.5617,,1.0
kits19,P3,1000,0,6,25,0.01,ct,kidney,0.3512,,1.0
kits19,P3,1000,1,6,50,0.02,ct,kidney,0.3855,,1.0
kits19,P3,1000,2,6,125,0.05,ct,kidney,0.4793,,0.9722222222222222
kits19,P3,1000,3,6,250,0.1,ct,kidney,0.4918,,0.9444444444444444
kits19,P3,1000,4,6,375,0.15,ct,kidney,0.542,,1.0
kits19,P3,1000,5,6,500,0.2,ct,kidney,0.5052,,1.0
kits19,P4,1000,0,6,25,0.01,ct,kidney,0.3384,,1.0
kits19,P4,1000,1,6,50,0.02,ct,kidney,0.4351,,1.0
kits19,P4,1000,2,6,125,0.05,ct,kidney,0.4832,,0.9722222222222222
kits19,P4,1000,3,6,250,0.1,ct,kidney,0.5128,,0.9722222222222222
kits19,P4,1000,4,6,375,0.15,ct,kidney,0.5351,,0.9722222222222222
kits19,P4,1000,5,6,500,0.2,ct,kidney,0.5429,,0.9722222222222222
kits19,P5,1000,0,6,25,0.01,ct,kidney,0.3384,,1.0
kits19,P5,1000,1,6,50,0.02,ct,kidney,0.4295,,1.0
kits19,P5,1000,2,6,125,0.05,ct,kidney,0.4539,,0.9722222222222222
kits19,P5,1000,3,6,250,0.1,ct,kidney,0.5659,,0.9722222222222222
kits19,P5,1000,4,6,375,0.15,ct,kidney,0.5894,,0.9722222222222222
kits19,P5,1000,5,6,500,0.2,ct,kidney,0.5568,,1.0
kits19,P6,1000,0,6,25,0.01,ct,kidney,0.3512,,1.0
kits19,P6,1000,1,6,50,0.02,ct,kidney,0.3966,,1.0
kits19,P6,1000,2,6,125,0.05,ct,kidney,0.406,,0.9444444444444444
kits19,P6,1000,3,6,250,0.1,ct,kidney,0.4901,,0.9166666666666666
kits19,P6,1000,4,6,375,0.15,ct,kidney,0.5046,,1.0
kits19,P6,1000,5,6,500,0.2,ct,kidney,0.5232,,0.9722222222222222
kits19,P7,1000,0,6,25,0.01,ct,kidney,0.3384,,1.0
kits19,P7,1000,1,6,50,0.02,ct,kidney,0.3802,,1.0
kits19,P7,1000,2,6,125,0.05,ct,kidney,0.458,,1.0
kits19,P7,1000,3,6,250,0.1,ct,kidney,0.5006,,0.9444444444444444
kits19,P7,1000,4,6,375,0.15,ct,kidney,0.5614,,1.0
kits19,P7,1000,5,6,500,0.2,ct,kidney,0.5326,,0.9444444444444444
kits19,P8,1000,0,6,25,0.01,ct,kidney,0.3384,,1.0
kits19,P8,1000,1,6,50,0.02,ct,kidney,0.4011,,0.9166666666666666
kits19,P8,1000,2,6,125,0.05,ct,kidney,0.4792,,0.9722222222222222
kits19,P8,1000,3,6,250,0.1,ct,kidney,0.4997,,0.9722222222222222
kits19,P8,1000,4,6,375,0.15,ct,kidney,0.5635,,1.0
kits19,P8,1000,5,6,500,0.2,ct,kidney,0.5142,,0.9166666666666666
kits19,P9,1000,0,6,25,0.01,ct,kidney,0.3384,,1.0
kits19,P9,1000,1,6,50,0.02,ct,kidney,0.3719,,0.9722222222222222
kits19,P9,1000,2,6,125,0.05,ct,kidney,0.4086,,1.0
kits19,P9,1000,3,6,250,0.1,ct,kidney,0.438,,0.9166666666666666
kits19,P9,1000,4,6,375,0.15,ct,kidney,0.4543,,0.9444444444444444
kits19,P9,1000,5,6,500,0.2,ct,kidney,0.5105,,0.9722222222222222
kvasir_seg,P0,1000,0,6,8,0.01,endoscopy,polyp,0.3143,,1.0
kvasir_seg,P0,1000,1,6,16,0.02,endoscopy,polyp,0.4043,,1.0
kvasir_seg,P0,1000,2,6,40,0.05,endoscopy,polyp,0.4752,,1.0
kvasir_seg,P0,1000,3,6,80,0.1,endoscopy,polyp,0.5111,,1.0
kvasir_seg,P0,1000,4,6,120,0.15,endoscopy,polyp,0.5976,,1.0
kvasir_seg,P0,1000,5,6,160,0.2,endoscopy,polyp,0.5959,108.00328614635768,1.0
kvasir_seg,P1,1000,0,6,8,0.01,endoscopy,polyp,0.3143,,1.0
kvasir_seg,P1,1000,1,6,16,0.02,endoscopy,polyp,0.384,,1.0
kvasir_seg,P1,1000,2,6,40,0.05,endoscopy,polyp,0.4552,,1.0
kvasir_seg,P1,1000,3,6,80,0.1,endoscopy,polyp,0.5482,,1.0
kvasir_seg,P1,1000,4,6,120,0.15,endoscopy,polyp,0.5766,,1.0
kvasir_seg,P1,1000,5,6,160,0.2,endoscopy,polyp,0.6149,92.99671722615443,1.0
kvasir_seg,P2,1000,0,6,8,0.01,endoscopy,polyp,0.3002,,1.0
kvasir_seg,P2,1000,1,6,16,0.02,endoscopy,polyp,0.381,,1.0
kvasir_seg,P2,1000,2,6,40,0.05,endoscopy,polyp,0.4343,,1.0
kvasir_seg,P2,1000,3,6,80,0.1,endoscopy,polyp,0.5296,,1.0
kvasir_seg,P2,1000,4,6,120,0.15,endoscopy,polyp,0.5112,,1.0
kvasir_seg,P2,1000,5,6,160,0.2,endoscopy,polyp,0.6069,95.79400278393015,1.0
kvasir_seg,P3,1000,0,6,8,0.01,endoscopy,polyp,0.3002,,1.0
kvasir_seg,P3,1000,1,6,16,0.02,endoscopy,polyp,0.361,,1.0
kvasir_seg,P3,1000,2,6,40,0.05,endoscopy,polyp,0.4004,,1.0
kvasir_seg,P3,1000,3,6,80,0.1,endoscopy,polyp,0.4868,,1.0
kvasir_seg,P3,1000,4,6,120,0.15,endoscopy,polyp,0.6052,,1.0
kvasir_seg,P3,1000,5,6,160,0.2,endoscopy,polyp,0.5795,99.92901567084736,1.0
kvasir_seg,P4,1000,0,6,8,0.01,endoscopy,polyp,0.3002,,1.0
kvasir_seg,P4,1000,1,6,16,0.02,endoscopy,polyp,0.4223,,1.0
kvasir_seg,P4,1000,2,6,40,0.05,endoscopy,polyp,0.3282,,1.0
kvasir_seg,P4,1000,3,6,80,0.1,endoscopy,polyp,0.4916,,1.0
kvasir_seg,P4,1000,4,6,120,0.15,endoscopy,polyp,0.5416,,1.0
kvasir_seg,P4,1000,5,6,160,0.2,endoscopy,polyp,0.5755,103.25037609826086,1.0
kvasir_seg,P5,1000,0,6,8,0.01,endoscopy,polyp,0.3002,,1.0
kvasir_seg,P5,1000,1,6,16,0.02,endoscopy,polyp,0.3744,,1.0
kvasir_seg,P5,1000,2,6,40,0.05,endoscopy,polyp,0.3056,,1.0
kvasir_seg,P5,1000,3,6,80,0.1,endoscopy,polyp,0.4383,,1.0
kvasir_seg,P5,1000,4,6,120,0.15,endoscopy,polyp,0.5154,,1.0
kvasir_seg,P5,1000,5,6,160,0.2,endoscopy,polyp,0.6524,85.0130186736058,1.0
kvasir_seg,P6,1000,0,6,8,0.01,endoscopy,polyp,0.3143,,1.0
kvasir_seg,P6,1000,1,6,16,0.02,endoscopy,polyp,0.3785,,1.0
kvasir_seg,P6,1000,2,6,40,0.05,endoscopy,polyp,0.4171,,1.0
kvasir_seg,P6,1000,3,6,80,0.1,endoscopy,polyp,0.5123,,1.0
kvasir_seg,P6,1000,4,6,120,0.15,endoscopy,polyp,0.6131,,1.0
kvasir_seg,P6,1000,5,6,160,0.2,endoscopy,polyp,0.628,91.60441751730436,1.0
kvasir_seg,P7,1000,0,6,8,0.01,endoscopy,polyp,0.3002,,1.0
kvasir_seg,P7,1000,1,6,16,0.02,endoscopy,polyp,0.3619,,1.0
kvasir_seg,P7,1000,2,6,40,0.05,endoscopy,polyp,0.4736,,1.0
kvasir_seg,P7,1000,3,6,80,0.1,endoscopy,polyp,0.5283,,1.0
kvasir_seg,P7,1000,4,6,120,0.15,endoscopy,polyp,0.5718,,1.0
kvasir_seg,P7,1000,5,6,160,0.2,endoscopy,polyp,0.5788,102.119315693135,1.0
kvasir_seg,P8,1000,0,6,8,0.01,endoscopy,polyp,0.3002,,1.0
kvasir_seg,P8,1000,1,6,16,0.02,endoscopy,polyp,0.3675,,1.0
kvasir_seg,P8,1000,2,6,40,0.05,endoscopy,polyp,0.5011,,1.0
kvasir_seg,P8,1000,3,6,80,0.1,endoscopy,polyp,0.569,,1.0
kvasir_seg,P8,1000,4,6,120,0.15,endoscopy,polyp,0.593,,1.0
kvasir_seg,P8,1000,5,6,160,0.2,endoscopy,polyp,0.6685,89.97182457279406,1.0
kvasir_seg,P9,1000,0,6,8,0.01,endoscopy,polyp,0.3002,,1.0
kvasir_seg,P9,1000,1,6,16,0.02,endoscopy,polyp,0.3529,,1.0
kvasir_seg,P9,1000,2,6,40,0.05,endoscopy,polyp,0.4421,,1.0
kvasir_seg,P9,1000,3,6,80,0.1,endoscopy,polyp,0.4823,,1.0
kvasir_seg,P9,1000,4,6,120,0.15,endoscopy,polyp,0.6328,,1.0
kvasir_seg,P9,1000,5,6,160,0.2,endoscopy,polyp,0.6292,85.50035014604322,1.0
liqa_mri,P0,1000,0,6,9,0.0103,multi_parametric_mri,liver,0.8469,,1.0
liqa_mri,P0,1000,1,6,18,0.0205,multi_parametric_mri,liver,0.8759,,1.0
liqa_mri,P0,1000,2,6,44,0.0502,multi_parametric_mri,liver,0.8989,,1.0
liqa_mri,P0,1000,3,6,88,0.1005,multi_parametric_mri,liver,0.9232,,1.0
liqa_mri,P0,1000,4,6,132,0.1507,multi_parametric_mri,liver,0.9451,,1.0
liqa_mri,P0,1000,5,6,176,0.2009,multi_parametric_mri,liver,0.9571,,1.0
liqa_mri,P1,1000,0,6,9,0.0103,multi_parametric_mri,liver,0.8469,,1.0
liqa_mri,P1,1000,1,6,18,0.0205,multi_parametric_mri,liver,0.8874,,1.0
liqa_mri,P1,1000,2,6,44,0.0502,multi_parametric_mri,liver,0.9089,,1.0
liqa_mri,P1,1000,3,6,88,0.1005,multi_parametric_mri,liver,0.9247,,1.0
liqa_mri,P1,1000,4,6,132,0.1507,multi_parametric_mri,liver,0.943,,1.0
liqa_mri,P1,1000,5,6,176,0.2009,multi_parametric_mri,liver,0.9523,,1.0
liqa_mri,P2,1000,0,6,9,0.0103,multi_parametric_mri,liver,0.8355,,1.0
liqa_mri,P2,1000,1,6,18,0.0205,multi_parametric_mri,liver,0.8854,,1.0
liqa_mri,P2,1000,2,6,44,0.0502,multi_parametric_mri,liver,0.8727,,1.0
liqa_mri,P2,1000,3,6,88,0.1005,multi_parametric_mri,liver,0.9099,,1.0
liqa_mri,P2,1000,4,6,132,0.1507,multi_parametric_mri,liver,0.9509,,1.0
liqa_mri,P2,1000,5,6,176,0.2009,multi_parametric_mri,liver,0.956,,1.0
liqa_mri,P3,1000,0,6,9,0.0103,multi_parametric_mri,liver,0.8469,,1.0
liqa_mri,P3,1000,1,6,18,0.0205,multi_parametric_mri,liver,0.8905,,1.0
liqa_mri,P3,1000,2,6,44,0.0502,multi_parametric_mri,liver,0.9419,,1.0
liqa_mri,P3,1000,3,6,88,0.1005,multi_parametric_mri,liver,0.9348,,1.0
liqa_mri,P3,1000,4,6,132,0.1507,multi_parametric_mri,liver,0.9419,,1.0
liqa_mri,P3,1000,5,6,176,0.2009,multi_parametric_mri,liver,0.9612,,1.0
liqa_mri,P4,1000,0,6,9,0.0103,multi_parametric_mri,liver,0.8355,,1.0
liqa_mri,P4,1000,1,6,18,0.0205,multi_parametric_mri,liver,0.9018,,1.0
liqa_mri,P4,1000,2,6,44,0.0502,multi_parametric_mri,liver,0.904,,1.0
liqa_mri,P4,1000,3,6,88,0.1005,multi_parametric_mri,liver,0.952,,1.0
liqa_mri,P4,1000,4,6,132,0.1507,multi_parametric_mri,liver,0.9606,,1.0
liqa_mri,P4,1000,5,6,176,0.2009,multi_parametric_mri,liver,0.9658,,1.0
liqa_mri,P5,1000,0,6,9,0.0103,multi_parametric_mri,liver,0.8469,,1.0
liqa_mri,P5,1000,1,6,18,0.0205,multi_parametric_mri,liver,0.8941,,1.0
liqa_mri,P5,1000,2,6,44,0.0502,multi_parametric_mri,liver,0.928,,1.0
liqa_mri,P5,1000,3,6,88,0.1005,multi_parametric_mri,liver,0.9542,,1.0
liqa_mri,P5,1000,4,6,132,0.1507,multi_parametric_mri,liver,0.9493,,1.0
liqa_mri,P5,1000,5,6,176,0.2009,multi_parametric_mri,liver,0.9608,,1.0
liqa_mri,P6,1000,0,6,9,0.0103,multi_parametric_mri,liver,0.8469,,1.0
liqa_mri,P6,1000,1,6,18,0.0205,multi_parametric_mri,liver,0.8471,,1.0
liqa_mri,P6,1000,2,6,44,0.0502,multi_parametric_mri,liver,0.9187,,1.0
liqa_mri,P6,1000,3,6,88,0.1005,multi_parametric_mri,liver,0.9222,,1.0
liqa_mri,P6,1000,4,6,132,0.1507,multi_parametric_mri,liver,0.9231,,1.0
liqa_mri,P6,1000,5,6,176,0.2009,multi_parametric_mri,liver,0.9361,,1.0
liqa_mri,P7,1000,0,6,9,0.0103,multi_parametric_mri,liver,0.8355,,1.0
liqa_mri,P7,1000,1,6,18,0.0205,multi_parametric_mri,liver,0.8992,,1.0
liqa_mri,P7,1000,2,6,44,0.0502,multi_parametric_mri,liver,0.9332,,1.0
liqa_mri,P7,1000,3,6,88,0.1005,multi_parametric_mri,liver,0.9495,,1.0
liqa_mri,P7,1000,4,6,132,0.1507,multi_parametric_mri,liver,0.9601,,1.0
liqa_mri,P7,1000,5,6,176,0.2009,multi_parametric_mri,liver,0.9627,,1.0
liqa_mri,P8,1000,0,6,9,0.0103,multi_parametric_mri,liver,0.8355,,1.0
liqa_mri,P8,1000,1,6,18,0.0205,multi_parametric_mri,liver,0.8719,,1.0
liqa_mri,P8,1000,2,6,44,0.0502,multi_parametric_mri,liver,0.9086,,1.0
liqa_mri,P8,1000,3,6,88,0.1005,multi_parametric_mri,liver,0.9347,,1.0
liqa_mri,P8,1000,4,6,132,0.1507,multi_parametric_mri,liver,0.9166,,1.0
liqa_mri,P8,1000,5,6,176,0.2009,multi_parametric_mri,liver,0.9449,,1.0
liqa_mri,P9,1000,0,6,9,0.0103,multi_parametric_mri,liver,0.8355,,1.0
liqa_mri,P9,1000,1,6,18,0.0205,multi_parametric_mri,liver,0.8276,,1.0
liqa_mri,P9,1000,2,6,44,0.0502,multi_parametric_mri,liver,0.9061,,1.0
liqa_mri,P9,1000,3,6,88,0.1005,multi_parametric_mri,liver,0.9473,,1.0
liqa_mri,P9,1000,4,6,132,0.1507,multi_parametric_mri,liver,0.9466,,1.0
liqa_mri,P9,1000,5,6,176,0.2009,multi_parametric_mri,liver,0.9404,,1.0
mmwhs_ct,P0,1000,0,6,45,0.0102,ct,whole_heart,0.5429,,1.0
mmwhs_ct,P0,1000,1,6,89,0.0202,ct,whole_heart,0.6773,,1.0
mmwhs_ct,P0,1000,2,6,221,0.0501,ct,whole_heart,0.7533,,1.0
mmwhs_ct,P0,1000,3,6,441,0.1,ct,whole_heart,0.7911,,1.0
mmwhs_ct,P0,1000,4,6,662,0.1501,ct,whole_heart,0.8334,,1.0
mmwhs_ct,P0,1000,5,6,882,0.2,ct,whole_heart,0.8404,34.489412656248014,1.0
mmwhs_ct,P1,1000,0,6,45,0.0102,ct,whole_heart,0.5429,,1.0
mmwhs_ct,P1,1000,1,6,89,0.0202,ct,whole_heart,0.6598,,1.0
mmwhs_ct,P1,1000,2,6,221,0.0501,ct,whole_heart,0.7292,,1.0
mmwhs_ct,P1,1000,3,6,441,0.1,ct,whole_heart,0.7884,,1.0
mmwhs_ct,P1,1000,4,6,662,0.1501,ct,whole_heart,0.8306,,1.0
mmwhs_ct,P1,1000,5,6,882,0.2,ct,whole_heart,0.8546,34.79345965956171,1.0
mmwhs_ct,P2,1000,0,6,45,0.0102,ct,whole_heart,0.5981,,1.0
mmwhs_ct,P2,1000,1,6,89,0.0202,ct,whole_heart,0.6559,,1.0
mmwhs_ct,P2,1000,2,6,221,0.0501,ct,whole_heart,0.764,,1.0
mmwhs_ct,P2,1000,3,6,441,0.1,ct,whole_heart,0.8322,,1.0
mmwhs_ct,P2,1000,4,6,662,0.1501,ct,whole_heart,0.8573,,1.0
mmwhs_ct,P2,1000,5,6,882,0.2,ct,whole_heart,0.8828,27.449780203537824,1.0
mmwhs_ct,P3,1000,0,6,45,0.0102,ct,whole_heart,0.5429,,1.0
mmwhs_ct,P3,1000,1,6,89,0.0202,ct,whole_heart,0.5571,,1.0
mmwhs_ct,P3,1000,2,6,221,0.0501,ct,whole_heart,0.649,,1.0
mmwhs_ct,P3,1000,3,6,441,0.1,ct,whole_heart,0.7614,,1.0
mmwhs_ct,P3,1000,4,6,662,0.1501,ct,whole_heart,0.8218,,1.0
mmwhs_ct,P3,1000,5,6,882,0.2,ct,whole_heart,0.8339,36.20618970187038,1.0
mmwhs_ct,P4,1000,0,6,45,0.0102,ct,whole_heart,0.5429,,1.0
mmwhs_ct,P4,1000,1,6,89,0.0202,ct,whole_heart,0.7047,,1.0
mmwhs_ct,P4,1000,2,6,221,0.0501,ct,whole_heart,0.7939,,1.0
mmwhs_ct,P4,1000,3,6,441,0.1,ct,whole_heart,0.8496,,1.0
mmwhs_ct,P4,1000,4,6,662,0.1501,ct,whole_heart,0.844,,1.0
mmwhs_ct,P4,1000,5,6,882,0.2,ct,whole_heart,0.8639,38.45321038566932,1.0
mmwhs_ct,P5,1000,0,6,45,0.0102,ct,whole_heart,0.5429,,1.0
mmwhs_ct,P5,1000,1,6,89,0.0202,ct,whole_heart,0.6477,,1.0
mmwhs_ct,P5,1000,2,6,221,0.0501,ct,whole_heart,0.8242,,1.0
mmwhs_ct,P5,1000,3,6,441,0.1,ct,whole_heart,0.8246,,1.0
mmwhs_ct,P5,1000,4,6,662,0.1501,ct,whole_heart,0.8612,,1.0
mmwhs_ct,P5,1000,5,6,882,0.2,ct,whole_heart,0.8701,40.73028784471884,1.0
mmwhs_ct,P6,1000,0,6,45,0.0102,ct,whole_heart,0.5429,,1.0
mmwhs_ct,P6,1000,1,6,89,0.0202,ct,whole_heart,0.6561,,1.0
mmwhs_ct,P6,1000,2,6,221,0.0501,ct,whole_heart,0.7583,,1.0
mmwhs_ct,P6,1000,3,6,441,0.1,ct,whole_heart,0.7685,,1.0
mmwhs_ct,P6,1000,4,6,662,0.1501,ct,whole_heart,0.8021,,1.0
mmwhs_ct,P6,1000,5,6,882,0.2,ct,whole_heart,0.8433,45.6936633062949,1.0
mmwhs_ct,P7,1000,0,6,45,0.0102,ct,whole_heart,0.5429,,1.0
mmwhs_ct,P7,1000,1,6,89,0.0202,ct,whole_heart,0.6656,,1.0
mmwhs_ct,P7,1000,2,6,221,0.0501,ct,whole_heart,0.7456,,1.0
mmwhs_ct,P7,1000,3,6,441,0.1,ct,whole_heart,0.776,,1.0
mmwhs_ct,P7,1000,4,6,662,0.1501,ct,whole_heart,0.8095,,1.0
mmwhs_ct,P7,1000,5,6,882,0.2,ct,whole_heart,0.851,45.76480067372522,1.0
mmwhs_ct,P8,1000,0,6,45,0.0102,ct,whole_heart,0.5429,,1.0
mmwhs_ct,P8,1000,1,6,89,0.0202,ct,whole_heart,0.6806,,1.0
mmwhs_ct,P8,1000,2,6,221,0.0501,ct,whole_heart,0.7875,,1.0
mmwhs_ct,P8,1000,3,6,441,0.1,ct,whole_heart,0.8206,,1.0
mmwhs_ct,P8,1000,4,6,662,0.1501,ct,whole_heart,0.8102,,1.0
mmwhs_ct,P8,1000,5,6,882,0.2,ct,whole_heart,0.821,40.722791696060646,1.0
mmwhs_ct,P9,1000,0,6,45,0.0102,ct,whole_heart,0.5981,,1.0
mmwhs_ct,P9,1000,1,6,89,0.0202,ct,whole_heart,0.5359,,1.0
mmwhs_ct,P9,1000,2,6,221,0.0501,ct,whole_heart,0.558,,1.0
mmwhs_ct,P9,1000,3,6,441,0.1,ct,whole_heart,0.7374,,1.0
mmwhs_ct,P9,1000,4,6,662,0.1501,ct,whole_heart,0.754,,1.0
mmwhs_ct,P9,1000,5,6,882,0.2,ct,whole_heart,0.7597,59.88896957920346,1.0
msd_task03_liver,P0,1000,0,6,25,0.01,ct,liver,0.4042,,1.0
msd_task03_liver,P0,1000,1,6,50,0.02,ct,liver,0.4925,,1.0
msd_task03_liver,P0,1000,2,6,125,0.05,ct,liver,0.5167,,1.0
msd_task03_liver,P0,1000,3,6,250,0.1,ct,liver,0.5561,,1.0
msd_task03_liver,P0,1000,4,6,375,0.15,ct,liver,0.5736,,1.0
msd_task03_liver,P0,1000,5,6,500,0.2,ct,liver,0.5442,,1.0
msd_task03_liver,P1,1000,0,6,25,0.01,ct,liver,0.4042,,1.0
msd_task03_liver,P1,1000,1,6,50,0.02,ct,liver,0.4271,,0.9545454545454546
msd_task03_liver,P1,1000,2,6,125,0.05,ct,liver,0.4844,,1.0
msd_task03_liver,P1,1000,3,6,250,0.1,ct,liver,0.5345,,1.0
msd_task03_liver,P1,1000,4,6,375,0.15,ct,liver,0.5668,,1.0
msd_task03_liver,P1,1000,5,6,500,0.2,ct,liver,0.5559,,1.0
msd_task03_liver,P2,1000,0,6,25,0.01,ct,liver,0.4053,,1.0
msd_task03_liver,P2,1000,1,6,50,0.02,ct,liver,0.4636,,1.0
msd_task03_liver,P2,1000,2,6,125,0.05,ct,liver,0.4229,,1.0
msd_task03_liver,P2,1000,3,6,250,0.1,ct,liver,0.5422,,1.0
msd_task03_liver,P2,1000,4,6,375,0.15,ct,liver,0.5526,,0.9545454545454546
msd_task03_liver,P2,1000,5,6,500,0.2,ct,liver,0.5915,,1.0
msd_task03_liver,P3,1000,0,6,25,0.01,ct,liver,0.4042,,1.0
msd_task03_liver,P3,1000,1,6,50,0.02,ct,liver,0.4483,,1.0
msd_task03_liver,P3,1000,2,6,125,0.05,ct,liver,0.5008,,1.0
msd_task03_liver,P3,1000,3,6,250,0.1,ct,liver,0.5586,,1.0
msd_task03_liver,P3,1000,4,6,375,0.15,ct,liver,0.5876,,1.0
msd_task03_liver,P3,1000,5,6,500,0.2,ct,liver,0.5643,,1.0
msd_task03_liver,P4,1000,0,6,25,0.01,ct,liver,0.4053,,1.0
msd_task03_liver,P4,1000,1,6,50,0.02,ct,liver,0.4391,,0.9545454545454546
msd_task03_liver,P4,1000,2,6,125,0.05,ct,liver,0.5144,,1.0
msd_task03_liver,P4,1000,3,6,250,0.1,ct,liver,0.5561,,1.0
msd_task03_liver,P4,1000,4,6,375,0.15,ct,liver,0.5989,,1.0
msd_task03_liver,P4,1000,5,6,500,0.2,ct,liver,0.5728,,1.0
msd_task03_liver,P5,1000,0,6,25,0.01,ct,liver,0.4042,,1.0
msd_task03_liver,P5,1000,1,6,50,0.02,ct,liver,0.4025,,1.0
msd_task03_liver,P5,1000,2,6,125,0.05,ct,liver,0.5377,,1.0
msd_task03_liver,P5,1000,3,6,250,0.1,ct,liver,0.6123,,1.0
msd_task03_liver,P5,1000,4,6,375,0.15,ct,liver,0.5807,,1.0
msd_task03_liver,P5,1000,5,6,500,0.2,ct,liver,0.6188,,1.0
msd_task03_liver,P6,1000,0,6,25,0.01,ct,liver,0.4042,,1.0
msd_task03_liver,P6,1000,1,6,50,0.02,ct,liver,0.4617,,0.9090909090909091
msd_task03_liver,P6,1000,2,6,125,0.05,ct,liver,0.4542,,0.8636363636363636
msd_task03_liver,P6,1000,3,6,250,0.1,ct,liver,0.4794,,1.0
msd_task03_liver,P6,1000,4,6,375,0.15,ct,liver,0.5662,,0.9545454545454546
msd_task03_liver,P6,1000,5,6,500,0.2,ct,liver,0.5583,,0.9545454545454546
msd_task03_liver,P7,1000,0,6,25,0.01,ct,liver,0.4053,,1.0
msd_task03_liver,P7,1000,1,6,50,0.02,ct,liver,0.4088,,1.0
msd_task03_liver,P7,1000,2,6,125,0.05,ct,liver,0.5165,,1.0
msd_task03_liver,P7,1000,3,6,250,0.1,ct,liver,0.5337,,1.0
msd_task03_liver,P7,1000,4,6,375,0.15,ct,liver,0.5828,,1.0
msd_task03_liver,P7,1000,5,6,500,0.2,ct,liver,0.5607,,1.0
msd_task03_liver,P8,1000,0,6,25,0.01,ct,liver,0.4053,,1.0
msd_task03_liver,P8,1000,1,6,50,0.02,ct,liver,0.5077,,1.0
msd_task03_liver,P8,1000,2,6,125,0.05,ct,liver,0.5404,,1.0
msd_task03_liver,P8,1000,3,6,250,0.1,ct,liver,0.5763,,1.0
msd_task03_liver,P8,1000,4,6,375,0.15,ct,liver,0.5672,,1.0
msd_task03_liver,P8,1000,5,6,500,0.2,ct,liver,0.6196,,1.0
msd_task03_liver,P9,1000,0,6,25,0.01,ct,liver,0.4053,,1.0
msd_task03_liver,P9,1000,1,6,50,0.02,ct,liver,0.4374,,1.0
msd_task03_liver,P9,1000,2,6,125,0.05,ct,liver,0.4649,,0.9545454545454546
msd_task03_liver,P9,1000,3,6,250,0.1,ct,liver,0.4875,,1.0
msd_task03_liver,P9,1000,4,6,375,0.15,ct,liver,0.5313,,1.0
msd_task03_liver,P9,1000,5,6,500,0.2,ct,liver,0.5473,,1.0
msd_task04_hippocampus,P0,1000,0,6,40,0.0102,mri,hippocampus_anterior,0.6359,,1.0
msd_task04_hippocampus,P0,1000,1,6,79,0.0201,mri,hippocampus_anterior,0.7213,,1.0
msd_task04_hippocampus,P0,1000,2,6,197,0.0502,mri,hippocampus_anterior,0.7619,,1.0
msd_task04_hippocampus,P0,1000,3,6,393,0.1002,mri,hippocampus_anterior,0.8014,,1.0
msd_task04_hippocampus,P0,1000,4,6,589,0.1502,mri,hippocampus_anterior,0.8099,,1.0
msd_task04_hippocampus,P0,1000,5,6,785,0.2002,mri,hippocampus_anterior,0.8216,,1.0
msd_task04_hippocampus,P1,1000,0,6,40,0.0102,mri,hippocampus_anterior,0.6359,,1.0
msd_task04_hippocampus,P1,1000,1,6,79,0.0201,mri,hippocampus_anterior,0.6648,,1.0
msd_task04_hippocampus,P1,1000,2,6,197,0.0502,mri,hippocampus_anterior,0.7625,,1.0
msd_task04_hippocampus,P1,1000,3,6,393,0.1002,mri,hippocampus_anterior,0.807,,1.0
msd_task04_hippocampus,P1,1000,4,6,589,0.1502,mri,hippocampus_anterior,0.8171,,1.0
msd_task04_hippocampus,P1,1000,5,6,785,0.2002,mri,hippocampus_anterior,0.8302,,1.0
msd_task04_hippocampus,P2,1000,0,6,40,0.0102,mri,hippocampus_anterior,0.6359,,1.0
msd_task04_hippocampus,P2,1000,1,6,79,0.0201,mri,hippocampus_anterior,0.6758,,1.0
msd_task04_hippocampus,P2,1000,2,6,197,0.0502,mri,hippocampus_anterior,0.7703,,1.0
msd_task04_hippocampus,P2,1000,3,6,393,0.1002,mri,hippocampus_anterior,0.8176,,1.0
msd_task04_hippocampus,P2,1000,4,6,589,0.1502,mri,hippocampus_anterior,0.8262,,1.0
msd_task04_hippocampus,P2,1000,5,6,785,0.2002,mri,hippocampus_anterior,0.8313,,1.0
msd_task04_hippocampus,P3,1000,0,6,40,0.0102,mri,hippocampus_anterior,0.6359,,1.0
msd_task04_hippocampus,P3,1000,1,6,79,0.0201,mri,hippocampus_anterior,0.6822,,1.0
msd_task04_hippocampus,P3,1000,2,6,197,0.0502,mri,hippocampus_anterior,0.7623,,1.0
msd_task04_hippocampus,P3,1000,3,6,393,0.1002,mri,hippocampus_anterior,0.7897,,1.0
msd_task04_hippocampus,P3,1000,4,6,589,0.1502,mri,hippocampus_anterior,0.81,,1.0
msd_task04_hippocampus,P3,1000,5,6,785,0.2002,mri,hippocampus_anterior,0.8224,,1.0
msd_task04_hippocampus,P4,1000,0,6,40,0.0102,mri,hippocampus_anterior,0.6262,,1.0
msd_task04_hippocampus,P4,1000,1,6,79,0.0201,mri,hippocampus_anterior,0.7014,,1.0
msd_task04_hippocampus,P4,1000,2,6,197,0.0502,mri,hippocampus_anterior,0.7582,,1.0
msd_task04_hippocampus,P4,1000,3,6,393,0.1002,mri,hippocampus_anterior,0.8081,,1.0
msd_task04_hippocampus,P4,1000,4,6,589,0.1502,mri,hippocampus_anterior,0.8151,,1.0
msd_task04_hippocampus,P4,1000,5,6,785,0.2002,mri,hippocampus_anterior,0.8276,,1.0
msd_task04_hippocampus,P5,1000,0,6,40,0.0102,mri,hippocampus_anterior,0.6262,,1.0
msd_task04_hippocampus,P5,1000,1,6,79,0.0201,mri,hippocampus_anterior,0.7014,,1.0
msd_task04_hippocampus,P5,1000,2,6,197,0.0502,mri,hippocampus_anterior,0.7848,,1.0
msd_task04_hippocampus,P5,1000,3,6,393,0.1002,mri,hippocampus_anterior,0.8229,,1.0
msd_task04_hippocampus,P5,1000,4,6,589,0.1502,mri,hippocampus_anterior,0.8202,,1.0
msd_task04_hippocampus,P5,1000,5,6,785,0.2002,mri,hippocampus_anterior,0.8297,,1.0
msd_task04_hippocampus,P6,1000,0,6,40,0.0102,mri,hippocampus_anterior,0.6262,,1.0
msd_task04_hippocampus,P6,1000,1,6,79,0.0201,mri,hippocampus_anterior,0.6694,,1.0
msd_task04_hippocampus,P6,1000,2,6,197,0.0502,mri,hippocampus_anterior,0.7338,,1.0
msd_task04_hippocampus,P6,1000,3,6,393,0.1002,mri,hippocampus_anterior,0.7764,,1.0
msd_task04_hippocampus,P6,1000,4,6,589,0.1502,mri,hippocampus_anterior,0.7966,,1.0
msd_task04_hippocampus,P6,1000,5,6,785,0.2002,mri,hippocampus_anterior,0.8035,,1.0
msd_task04_hippocampus,P7,1000,0,6,40,0.0102,mri,hippocampus_anterior,0.6262,,1.0
msd_task04_hippocampus,P7,1000,1,6,79,0.0201,mri,hippocampus_anterior,0.667,,1.0
msd_task04_hippocampus,P7,1000,2,6,197,0.0502,mri,hippocampus_anterior,0.7331,,1.0
msd_task04_hippocampus,P7,1000,3,6,393,0.1002,mri,hippocampus_anterior,0.7758,,1.0
msd_task04_hippocampus,P7,1000,4,6,589,0.1502,mri,hippocampus_anterior,0.8094,,1.0
msd_task04_hippocampus,P7,1000,5,6,785,0.2002,mri,hippocampus_anterior,0.8132,,1.0
msd_task04_hippocampus,P8,1000,0,6,40,0.0102,mri,hippocampus_anterior,0.6262,,1.0
msd_task04_hippocampus,P8,1000,1,6,79,0.0201,mri,hippocampus_anterior,0.7022,,1.0
msd_task04_hippocampus,P8,1000,2,6,197,0.0502,mri,hippocampus_anterior,0.7648,,1.0
msd_task04_hippocampus,P8,1000,3,6,393,0.1002,mri,hippocampus_anterior,0.7858,,1.0
msd_task04_hippocampus,P8,1000,4,6,589,0.1502,mri,hippocampus_anterior,0.8146,,1.0
msd_task04_hippocampus,P8,1000,5,6,785,0.2002,mri,hippocampus_anterior,0.8175,,1.0
msd_task04_hippocampus,P9,1000,0,6,40,0.0102,mri,hippocampus_anterior,0.6262,,1.0
msd_task04_hippocampus,P9,1000,1,6,79,0.0201,mri,hippocampus_anterior,0.6365,,1.0
msd_task04_hippocampus,P9,1000,2,6,197,0.0502,mri,hippocampus_anterior,0.7003,,1.0
msd_task04_hippocampus,P9,1000,3,6,393,0.1002,mri,hippocampus_anterior,0.7634,,1.0
msd_task04_hippocampus,P9,1000,4,6,589,0.1502,mri,hippocampus_anterior,0.7776,,1.0
msd_task04_hippocampus,P9,1000,5,6,785,0.2002,mri,hippocampus_anterior,0.7326,,1.0
msd_task07_pancreas,P0,1000,0,6,25,0.01,ct,pancreas,0.1645,,0.9583333333333334
msd_task07_pancreas,P0,1000,1,6,50,0.02,ct,pancreas,0.2196,,0.9583333333333334
msd_task07_pancreas,P0,1000,2,6,125,0.05,ct,pancreas,0.2673,,0.9375
msd_task07_pancreas,P0,1000,3,6,250,0.1,ct,pancreas,0.3285,,0.9791666666666666
msd_task07_pancreas,P0,1000,4,6,375,0.15,ct,pancreas,0.3465,,0.875
msd_task07_pancreas,P0,1000,5,6,500,0.2,ct,pancreas,0.4293,,0.9166666666666666
msd_task07_pancreas,P1,1000,0,6,25,0.01,ct,pancreas,0.1645,,0.9583333333333334
msd_task07_pancreas,P1,1000,1,6,50,0.02,ct,pancreas,0.1444,,1.0
msd_task07_pancreas,P1,1000,2,6,125,0.05,ct,pancreas,0.27,,0.8333333333333334
msd_task07_pancreas,P1,1000,3,6,250,0.1,ct,pancreas,0.3315,,0.9166666666666666
msd_task07_pancreas,P1,1000,4,6,375,0.15,ct,pancreas,0.3069,,0.7708333333333334
msd_task07_pancreas,P1,1000,5,6,500,0.2,ct,pancreas,0.4038,,0.9583333333333334
msd_task07_pancreas,P2,1000,0,6,25,0.01,ct,pancreas,0.1902,,1.0
msd_task07_pancreas,P2,1000,1,6,50,0.02,ct,pancreas,0.2088,,0.7708333333333334
msd_task07_pancreas,P2,1000,2,6,125,0.05,ct,pancreas,0.2504,,0.8125
msd_task07_pancreas,P2,1000,3,6,250,0.1,ct,pancreas,0.3492,,0.8958333333333334
msd_task07_pancreas,P2,1000,4,6,375,0.15,ct,pancreas,0.3883,,0.9166666666666666
msd_task07_pancreas,P2,1000,5,6,500,0.2,ct,pancreas,0.3442,,0.75
msd_task07_pancreas,P3,1000,0,6,25,0.01,ct,pancreas,0.1902,,1.0
msd_task07_pancreas,P3,1000,1,6,50,0.02,ct,pancreas,0.1784,,0.9791666666666666
msd_task07_pancreas,P3,1000,2,6,125,0.05,ct,pancreas,0.2294,,0.9375
msd_task07_pancreas,P3,1000,3,6,250,0.1,ct,pancreas,0.3118,,0.75
msd_task07_pancreas,P3,1000,4,6,375,0.15,ct,pancreas,0.3014,,0.8333333333333334
msd_task07_pancreas,P3,1000,5,6,500,0.2,ct,pancreas,0.389,,0.8541666666666666
msd_task07_pancreas,P4,1000,0,6,25,0.01,ct,pancreas,0.1902,,1.0
msd_task07_pancreas,P4,1000,1,6,50,0.02,ct,pancreas,0.1854,,1.0
msd_task07_pancreas,P4,1000,2,6,125,0.05,ct,pancreas,0.261,,0.8958333333333334
msd_task07_pancreas,P4,1000,3,6,250,0.1,ct,pancreas,0.3213,,0.9166666666666666
msd_task07_pancreas,P4,1000,4,6,375,0.15,ct,pancreas,0.3152,,0.9166666666666666
msd_task07_pancreas,P4,1000,5,6,500,0.2,ct,pancreas,0.3666,,0.8333333333333334
msd_task07_pancreas,P5,1000,0,6,25,0.01,ct,pancreas,0.1682,,0.9791666666666666
msd_task07_pancreas,P5,1000,1,6,50,0.02,ct,pancreas,0.221,,0.9583333333333334
msd_task07_pancreas,P5,1000,2,6,125,0.05,ct,pancreas,0.2747,,0.8125
msd_task07_pancreas,P5,1000,3,6,250,0.1,ct,pancreas,0.315,,0.9791666666666666
msd_task07_pancreas,P5,1000,4,6,375,0.15,ct,pancreas,0.4042,,0.9166666666666666
msd_task07_pancreas,P5,1000,5,6,500,0.2,ct,pancreas,0.3885,,0.9166666666666666
msd_task07_pancreas,P6,1000,0,6,25,0.01,ct,pancreas,0.1645,,0.9583333333333334
msd_task07_pancreas,P6,1000,1,6,50,0.02,ct,pancreas,0.2128,,0.9791666666666666
msd_task07_pancreas,P6,1000,2,6,125,0.05,ct,pancreas,0.2625,,0.5833333333333334
msd_task07_pancreas,P6,1000,3,6,250,0.1,ct,pancreas,0.3086,,0.9583333333333334
msd_task07_pancreas,P6,1000,4,6,375,0.15,ct,pancreas,0.3441,,0.9375
msd_task07_pancreas,P6,1000,5,6,500,0.2,ct,pancreas,0.3365,,0.7916666666666666
msd_task07_pancreas,P7,1000,0,6,25,0.01,ct,pancreas,0.1902,,1.0
msd_task07_pancreas,P7,1000,1,6,50,0.02,ct,pancreas,0.2287,,0.9791666666666666
msd_task07_pancreas,P7,1000,2,6,125,0.05,ct,pancreas,0.2963,,0.9791666666666666
msd_task07_pancreas,P7,1000,3,6,250,0.1,ct,pancreas,0.2989,,0.875
msd_task07_pancreas,P7,1000,4,6,375,0.15,ct,pancreas,0.3571,,0.8333333333333334
msd_task07_pancreas,P7,1000,5,6,500,0.2,ct,pancreas,0.3588,,0.8541666666666666
msd_task07_pancreas,P8,1000,0,6,25,0.01,ct,pancreas,0.1682,,0.9791666666666666
msd_task07_pancreas,P8,1000,1,6,50,0.02,ct,pancreas,0.2539,,0.9166666666666666
msd_task07_pancreas,P8,1000,2,6,125,0.05,ct,pancreas,0.3174,,0.8541666666666666
msd_task07_pancreas,P8,1000,3,6,250,0.1,ct,pancreas,0.3122,,0.7083333333333334
msd_task07_pancreas,P8,1000,4,6,375,0.15,ct,pancreas,0.3975,,0.8333333333333334
msd_task07_pancreas,P8,1000,5,6,500,0.2,ct,pancreas,0.3395,,0.7916666666666666
msd_task07_pancreas,P9,1000,0,6,25,0.01,ct,pancreas,0.1902,,1.0
msd_task07_pancreas,P9,1000,1,6,50,0.02,ct,pancreas,0.1775,,0.9583333333333334
msd_task07_pancreas,P9,1000,2,6,125,0.05,ct,pancreas,0.2239,,0.9583333333333334
msd_task07_pancreas,P9,1000,3,6,250,0.1,ct,pancreas,0.3069,,0.7916666666666666
msd_task07_pancreas,P9,1000,4,6,375,0.15,ct,pancreas,0.2914,,0.8958333333333334
msd_task07_pancreas,P9,1000,5,6,500,0.2,ct,pancreas,0.2988,,0.875
msd_task09_spleen,P0,1000,0,6,8,0.0109,ct,spleen,0.7404,,1.0
msd_task09_spleen,P0,1000,1,6,15,0.0204,ct,spleen,0.8201,,1.0
msd_task09_spleen,P0,1000,2,6,37,0.0503,ct,spleen,0.8914,,1.0
msd_task09_spleen,P0,1000,3,6,74,0.1005,ct,spleen,0.9437,,1.0
msd_task09_spleen,P0,1000,4,6,111,0.1508,ct,spleen,0.9531,,1.0
msd_task09_spleen,P0,1000,5,6,148,0.2011,ct,spleen,0.9586,1.3090169943749475,1.0
msd_task09_spleen,P1,1000,0,6,8,0.0109,ct,spleen,0.7404,,1.0
msd_task09_spleen,P1,1000,1,6,15,0.0204,ct,spleen,0.733,,1.0
msd_task09_spleen,P1,1000,2,6,37,0.0503,ct,spleen,0.8368,,1.0
msd_task09_spleen,P1,1000,3,6,74,0.1005,ct,spleen,0.9279,,1.0
msd_task09_spleen,P1,1000,4,6,111,0.1508,ct,spleen,0.945,,1.0
msd_task09_spleen,P1,1000,5,6,148,0.2011,ct,spleen,0.9243,74.55223631995982,1.0
msd_task09_spleen,P2,1000,0,6,8,0.0109,ct,spleen,0.8413,,1.0
msd_task09_spleen,P2,1000,1,6,15,0.0204,ct,spleen,0.7468,,1.0
msd_task09_spleen,P2,1000,2,6,37,0.0503,ct,spleen,0.894,,1.0
msd_task09_spleen,P2,1000,3,6,74,0.1005,ct,spleen,0.9296,,1.0
msd_task09_spleen,P2,1000,4,6,111,0.1508,ct,spleen,0.9494,,1.0
msd_task09_spleen,P2,1000,5,6,148,0.2011,ct,spleen,0.9386,1.6441228056353687,1.0
msd_task09_spleen,P3,1000,0,6,8,0.0109,ct,spleen,0.8413,,1.0
msd_task09_spleen,P3,1000,1,6,15,0.0204,ct,spleen,0.8922,,1.0
msd_task09_spleen,P3,1000,2,6,37,0.0503,ct,spleen,0.8984,,1.0
msd_task09_spleen,P3,1000,3,6,74,0.1005,ct,spleen,0.948,,1.0
msd_task09_spleen,P3,1000,4,6,111,0.1508,ct,spleen,0.9521,,1.0
msd_task09_spleen,P3,1000,5,6,148,0.2011,ct,spleen,0.9551,1.75,1.0
msd_task09_spleen,P4,1000,0,6,8,0.0109,ct,spleen,0.8413,,1.0
msd_task09_spleen,P4,1000,1,6,15,0.0204,ct,spleen,0.8312,,1.0
msd_task09_spleen,P4,1000,2,6,37,0.0503,ct,spleen,0.8202,,1.0
msd_task09_spleen,P4,1000,3,6,74,0.1005,ct,spleen,0.8945,,1.0
msd_task09_spleen,P4,1000,4,6,111,0.1508,ct,spleen,0.9419,,1.0
msd_task09_spleen,P4,1000,5,6,148,0.2011,ct,spleen,0.9284,58.85133875990191,1.0
msd_task09_spleen,P5,1000,0,6,8,0.0109,ct,spleen,0.8413,,1.0
msd_task09_spleen,P5,1000,1,6,15,0.0204,ct,spleen,0.885,,1.0
msd_task09_spleen,P5,1000,2,6,37,0.0503,ct,spleen,0.9056,,1.0
msd_task09_spleen,P5,1000,3,6,74,0.1005,ct,spleen,0.9391,,1.0
msd_task09_spleen,P5,1000,4,6,111,0.1508,ct,spleen,0.9516,,1.0
msd_task09_spleen,P5,1000,5,6,148,0.2011,ct,spleen,0.9446,1.6160254037844386,1.0
msd_task09_spleen,P6,1000,0,6,8,0.0109,ct,spleen,0.7404,,1.0
msd_task09_spleen,P6,1000,1,6,15,0.0204,ct,spleen,0.8567,,1.0
msd_task09_spleen,P6,1000,2,6,37,0.0503,ct,spleen,0.8743,,1.0
msd_task09_spleen,P6,1000,3,6,74,0.1005,ct,spleen,0.9273,,1.0
msd_task09_spleen,P6,1000,4,6,111,0.1508,ct,spleen,0.9047,,1.0
msd_task09_spleen,P6,1000,5,6,148,0.2011,ct,spleen,0.9337,47.04925218053227,1.0
msd_task09_spleen,P7,1000,0,6,8,0.0109,ct,spleen,0.8413,,1.0
msd_task09_spleen,P7,1000,1,6,15,0.0204,ct,spleen,0.8156,,1.0
msd_task09_spleen,P7,1000,2,6,37,0.0503,ct,spleen,0.877,,1.0
msd_task09_spleen,P7,1000,3,6,74,0.1005,ct,spleen,0.9446,,1.0
msd_task09_spleen,P7,1000,4,6,111,0.1508,ct,spleen,0.9361,,1.0
msd_task09_spleen,P7,1000,5,6,148,0.2011,ct,spleen,0.9542,9.456210148478094,1.0
msd_task09_spleen,P8,1000,0,6,8,0.0109,ct,spleen,0.8413,,1.0
msd_task09_spleen,P8,1000,1,6,15,0.0204,ct,spleen,0.8595,,1.0
msd_task09_spleen,P8,1000,2,6,37,0.0503,ct,spleen,0.909,,1.0
msd_task09_spleen,P8,1000,3,6,74,0.1005,ct,spleen,0.9473,,1.0
msd_task09_spleen,P8,1000,4,6,111,0.1508,ct,spleen,0.951,,1.0
msd_task09_spleen,P8,1000,5,6,148,0.2011,ct,spleen,0.9193,64.41188781441815,1.0
msd_task09_spleen,P9,1000,0,6,8,0.0109,ct,spleen,0.8413,,1.0
msd_task09_spleen,P9,1000,1,6,15,0.0204,ct,spleen,0.8327,,1.0
msd_task09_spleen,P9,1000,2,6,37,0.0503,ct,spleen,0.8585,,1.0
msd_task09_spleen,P9,1000,3,6,74,0.1005,ct,spleen,0.9117,,1.0
msd_task09_spleen,P9,1000,4,6,111,0.1508,ct,spleen,0.9391,,1.0
msd_task09_spleen,P9,1000,5,6,148,0.2011,ct,spleen,0.9303,53.43510232601945,1.0
origa,P0,1000,0,6,8,0.0154,fundus,optic_nerve_head,0.7506,,1.0
origa,P0,1000,1,6,11,0.0212,fundus,optic_nerve_head,0.7551,,1.0
origa,P0,1000,2,6,26,0.05,fundus,optic_nerve_head,0.8153,,1.0
origa,P0,1000,3,6,52,0.1,fundus,optic_nerve_head,0.8327,,1.0
origa,P0,1000,4,6,78,0.15,fundus,optic_nerve_head,0.8355,,1.0
origa,P0,1000,5,6,104,0.2,fundus,optic_nerve_head,0.8457,,1.0
origa,P1,1000,0,6,8,0.0154,fundus,optic_nerve_head,0.7506,,1.0
origa,P1,1000,1,6,11,0.0212,fundus,optic_nerve_head,0.7825,,1.0
origa,P1,1000,2,6,26,0.05,fundus,optic_nerve_head,0.7758,,1.0
origa,P1,1000,3,6,52,0.1,fundus,optic_nerve_head,0.8123,,1.0
origa,P1,1000,4,6,78,0.15,fundus,optic_nerve_head,0.8081,,1.0
origa,P1,1000,5,6,104,0.2,fundus,optic_nerve_head,0.8394,,1.0
origa,P2,1000,0,6,8,0.0154,fundus,optic_nerve_head,0.7199,,1.0
origa,P2,1000,1,6,11,0.0212,fundus,optic_nerve_head,0.7669,,1.0
origa,P2,1000,2,6,26,0.05,fundus,optic_nerve_head,0.8122,,1.0
origa,P2,1000,3,6,52,0.1,fundus,optic_nerve_head,0.8161,,1.0
origa,P2,1000,4,6,78,0.15,fundus,optic_nerve_head,0.8155,,1.0
origa,P2,1000,5,6,104,0.2,fundus,optic_nerve_head,0.8343,,1.0
origa,P3,1000,0,6,8,0.0154,fundus,optic_nerve_head,0.7506,,1.0
origa,P3,1000,1,6,11,0.0212,fundus,optic_nerve_head,0.7658,,1.0
origa,P3,1000,2,6,26,0.05,fundus,optic_nerve_head,0.7803,,1.0
origa,P3,1000,3,6,52,0.1,fundus,optic_nerve_head,0.8075,,1.0
origa,P3,1000,4,6,78,0.15,fundus,optic_nerve_head,0.8214,,1.0
origa,P3,1000,5,6,104,0.2,fundus,optic_nerve_head,0.8175,,1.0
origa,P4,1000,0,6,8,0.0154,fundus,optic_nerve_head,0.7199,,1.0
origa,P4,1000,1,6,11,0.0212,fundus,optic_nerve_head,0.7556,,1.0
origa,P4,1000,2,6,26,0.05,fundus,optic_nerve_head,0.8157,,1.0
origa,P4,1000,3,6,52,0.1,fundus,optic_nerve_head,0.8157,,1.0
origa,P4,1000,4,6,78,0.15,fundus,optic_nerve_head,0.8208,,1.0
origa,P4,1000,5,6,104,0.2,fundus,optic_nerve_head,0.8461,,1.0
origa,P5,1000,0,6,8,0.0154,fundus,optic_nerve_head,0.7506,,1.0
origa,P5,1000,1,6,11,0.0212,fundus,optic_nerve_head,0.778,,1.0
origa,P5,1000,2,6,26,0.05,fundus,optic_nerve_head,0.7868,,1.0
origa,P5,1000,3,6,52,0.1,fundus,optic_nerve_head,0.8107,,1.0
origa,P5,1000,4,6,78,0.15,fundus,optic_nerve_head,0.8405,,1.0
origa,P5,1000,5,6,104,0.2,fundus,optic_nerve_head,0.8372,,1.0
origa,P6,1000,0,6,8,0.0154,fundus,optic_nerve_head,0.7506,,1.0
origa,P6,1000,1,6,11,0.0212,fundus,optic_nerve_head,0.7434,,1.0
origa,P6,1000,2,6,26,0.05,fundus,optic_nerve_head,0.7908,,1.0
origa,P6,1000,3,6,52,0.1,fundus,optic_nerve_head,0.8299,,1.0
origa,P6,1000,4,6,78,0.15,fundus,optic_nerve_head,0.8312,,1.0
origa,P6,1000,5,6,104,0.2,fundus,optic_nerve_head,0.841,,1.0
origa,P7,1000,0,6,8,0.0154,fundus,optic_nerve_head,0.7199,,1.0
origa,P7,1000,1,6,11,0.0212,fundus,optic_nerve_head,0.7584,,1.0
origa,P7,1000,2,6,26,0.05,fundus,optic_nerve_head,0.8016,,1.0
origa,P7,1000,3,6,52,0.1,fundus,optic_nerve_head,0.8178,,1.0
origa,P7,1000,4,6,78,0.15,fundus,optic_nerve_head,0.8223,,1.0
origa,P7,1000,5,6,104,0.2,fundus,optic_nerve_head,0.8338,,1.0
origa,P8,1000,0,6,8,0.0154,fundus,optic_nerve_head,0.7199,,1.0
origa,P8,1000,1,6,11,0.0212,fundus,optic_nerve_head,0.7651,,1.0
origa,P8,1000,2,6,26,0.05,fundus,optic_nerve_head,0.7876,,1.0
origa,P8,1000,3,6,52,0.1,fundus,optic_nerve_head,0.8043,,1.0
origa,P8,1000,4,6,78,0.15,fundus,optic_nerve_head,0.8349,,1.0
origa,P8,1000,5,6,104,0.2,fundus,optic_nerve_head,0.8407,,1.0
origa,P9,1000,0,6,8,0.0154,fundus,optic_nerve_head,0.7199,,1.0
origa,P9,1000,1,6,11,0.0212,fundus,optic_nerve_head,0.7862,,1.0
origa,P9,1000,2,6,26,0.05,fundus,optic_nerve_head,0.836,,1.0
origa,P9,1000,3,6,52,0.1,fundus,optic_nerve_head,0.8221,,1.0
origa,P9,1000,4,6,78,0.15,fundus,optic_nerve_head,0.8393,,1.0
origa,P9,1000,5,6,104,0.2,fundus,optic_nerve_head,0.8473,,1.0
refuge,P0,1000,0,6,10,0.0104,fundus,optic_nerve_head,0.8033,,1.0
refuge,P0,1000,1,6,20,0.0208,fundus,optic_nerve_head,0.821,,1.0
refuge,P0,1000,2,6,48,0.05,fundus,optic_nerve_head,0.8374,,1.0
refuge,P0,1000,3,6,96,0.1,fundus,optic_nerve_head,0.8545,,1.0
refuge,P0,1000,4,6,144,0.15,fundus,optic_nerve_head,0.8729,,1.0
refuge,P0,1000,5,6,192,0.2,fundus,optic_nerve_head,0.8741,,1.0
refuge,P1,1000,0,6,10,0.0104,fundus,optic_nerve_head,0.8033,,1.0
refuge,P1,1000,1,6,20,0.0208,fundus,optic_nerve_head,0.8145,,1.0
refuge,P1,1000,2,6,48,0.05,fundus,optic_nerve_head,0.8606,,1.0
refuge,P1,1000,3,6,96,0.1,fundus,optic_nerve_head,0.8776,,1.0
refuge,P1,1000,4,6,144,0.15,fundus,optic_nerve_head,0.8804,,1.0
refuge,P1,1000,5,6,192,0.2,fundus,optic_nerve_head,0.8868,,1.0
refuge,P2,1000,0,6,10,0.0104,fundus,optic_nerve_head,0.797,,1.0
refuge,P2,1000,1,6,20,0.0208,fundus,optic_nerve_head,0.8417,,1.0
refuge,P2,1000,2,6,48,0.05,fundus,optic_nerve_head,0.8556,,1.0
refuge,P2,1000,3,6,96,0.1,fundus,optic_nerve_head,0.8732,,1.0
refuge,P2,1000,4,6,144,0.15,fundus,optic_nerve_head,0.8854,,1.0
refuge,P2,1000,5,6,192,0.2,fundus,optic_nerve_head,0.8863,,1.0
refuge,P3,1000,0,6,10,0.0104,fundus,optic_nerve_head,0.8033,,1.0
refuge,P3,1000,1,6,20,0.0208,fundus,optic_nerve_head,0.827,,1.0
refuge,P3,1000,2,6,48,0.05,fundus,optic_nerve_head,0.8348,,1.0
refuge,P3,1000,3,6,96,0.1,fundus,optic_nerve_head,0.8598,,1.0
refuge,P3,1000,4,6,144,0.15,fundus,optic_nerve_head,0.8652,,1.0
refuge,P3,1000,5,6,192,0.2,fundus,optic_nerve_head,0.8719,,1.0
refuge,P4,1000,0,6,10,0.0104,fundus,optic_nerve_head,0.797,,1.0
refuge,P4,1000,1,6,20,0.0208,fundus,optic_nerve_head,0.8394,,1.0
refuge,P4,1000,2,6,48,0.05,fundus,optic_nerve_head,0.85,,1.0
refuge,P4,1000,3,6,96,0.1,fundus,optic_nerve_head,0.8743,,1.0
refuge,P4,1000,4,6,144,0.15,fundus,optic_nerve_head,0.8739,,1.0
refuge,P4,1000,5,6,192,0.2,fundus,optic_nerve_head,0.8814,,1.0
refuge,P5,1000,0,6,10,0.0104,fundus,optic_nerve_head,0.8033,,1.0
refuge,P5,1000,1,6,20,0.0208,fundus,optic_nerve_head,0.829,,1.0
refuge,P5,1000,2,6,48,0.05,fundus,optic_nerve_head,0.8474,,1.0
refuge,P5,1000,3,6,96,0.1,fundus,optic_nerve_head,0.8638,,1.0
refuge,P5,1000,4,6,144,0.15,fundus,optic_nerve_head,0.8752,,1.0
refuge,P5,1000,5,6,192,0.2,fundus,optic_nerve_head,0.8861,,1.0
refuge,P6,1000,0,6,10,0.0104,fundus,optic_nerve_head,0.8033,,1.0
refuge,P6,1000,1,6,20,0.0208,fundus,optic_nerve_head,0.841,,1.0
refuge,P6,1000,2,6,48,0.05,fundus,optic_nerve_head,0.8559,,1.0
refuge,P6,1000,3,6,96,0.1,fundus,optic_nerve_head,0.8704,,1.0
refuge,P6,1000,4,6,144,0.15,fundus,optic_nerve_head,0.8763,,1.0
refuge,P6,1000,5,6,192,0.2,fundus,optic_nerve_head,0.8805,,1.0
refuge,P7,1000,0,6,10,0.0104,fundus,optic_nerve_head,0.797,,1.0
refuge,P7,1000,1,6,20,0.0208,fundus,optic_nerve_head,0.7795,,1.0
refuge,P7,1000,2,6,48,0.05,fundus,optic_nerve_head,0.8364,,1.0
refuge,P7,1000,3,6,96,0.1,fundus,optic_nerve_head,0.8725,,1.0
refuge,P7,1000,4,6,144,0.15,fundus,optic_nerve_head,0.8765,,1.0
refuge,P7,1000,5,6,192,0.2,fundus,optic_nerve_head,0.8758,,1.0
refuge,P8,1000,0,6,10,0.0104,fundus,optic_nerve_head,0.797,,1.0
refuge,P8,1000,1,6,20,0.0208,fundus,optic_nerve_head,0.8216,,1.0
refuge,P8,1000,2,6,48,0.05,fundus,optic_nerve_head,0.8419,,1.0
refuge,P8,1000,3,6,96,0.1,fundus,optic_nerve_head,0.8584,,1.0
refuge,P8,1000,4,6,144,0.15,fundus,optic_nerve_head,0.8695,,1.0
refuge,P8,1000,5,6,192,0.2,fundus,optic_nerve_head,0.8691,,1.0
refuge,P9,1000,0,6,10,0.0104,fundus,optic_nerve_head,0.797,,1.0
refuge,P9,1000,1,6,20,0.0208,fundus,optic_nerve_head,0.7752,,1.0
refuge,P9,1000,2,6,48,0.05,fundus,optic_nerve_head,0.8263,,1.0
refuge,P9,1000,3,6,96,0.1,fundus,optic_nerve_head,0.8513,,1.0
refuge,P9,1000,4,6,144,0.15,fundus,optic_nerve_head,0.8678,,1.0
refuge,P9,1000,5,6,192,0.2,fundus,optic_nerve_head,0.8756,,1.0
rose1,P0,1000,0,1,8,0.4,octa,vessel,0.7389,,1.0
rose1,P1,1000,0,1,8,0.4,octa,vessel,0.7389,,1.0
rose1,P2,1000,0,1,8,0.4,octa,vessel,0.7435,,1.0
rose1,P3,1000,0,1,8,0.4,octa,vessel,0.7389,,1.0
rose1,P4,1000,0,1,8,0.4,octa,vessel,0.7435,,1.0
rose1,P5,1000,0,1,8,0.4,octa,vessel,0.7389,,1.0
rose1,P6,1000,0,1,8,0.4,octa,vessel,0.7389,,1.0
rose1,P7,1000,0,1,8,0.4,octa,vessel,0.7435,,1.0
rose1,P8,1000,0,1,8,0.4,octa,vessel,0.7435,,1.0
rose1,P9,1000,0,1,8,0.4,octa,vessel,0.7435,,1.0
